country,iso,year,gdp,population,area,higher_ed_pct
Aruba,ABW,2010,2453597206.70391,101838.0,180.0,12.8199996948242
Aruba,ABW,2000,1873452513.96648,90588.0,180.0,16.3999996185303
Afghanistan,AFG,2022,14497243872.1337,40578842.0,652230.0,3.98425006866455
Afghanistan,AFG,2021,14259995441.0759,40000412.0,652230.0,3.0699999332428
Afghanistan,AFG,2020,19955929052.1496,39068979.0,652230.0,4.32343006134033
Afghanistan,AFG,2017,18753456497.8159,35688935.0,652230.0,5.26141691207886
Afghanistan,AFG,2014,20497128555.6972,32792523.0,652230.0,1.91133177280426
Angola,AGO,2021,66505129987.7235,34532429.0,1246700.0,0.126445710659027
Angola,AGO,2019,70897962732.0277,32375632.0,1246700.0,0.0883481949567795
Angola,AGO,2015,90496420506.5957,28157798.0,1246700.0,1.99752998352051
Angola,AGO,2014,135966802586.713,27160769.0,1246700.0,2.63000011444092
Angola,AGO,2011,111789747670.59,24218352.0,1246700.0,4.04619216918945
Albania,ALB,2022,19017244116.7203,2777689.0,27400.0,19.834644317627
Albania,ALB,2021,18032009220.4405,2811666.0,27400.0,18.2029342651367
Albania,ALB,2019,15585111614.0376,2854191.0,27400.0,17.3219871520996
Albania,ALB,2018,15379508329.7568,2866376.0,27400.0,16.4676494598389
Albania,ALB,2017,13258268435.6048,2873457.0,27400.0,16.1501998901367
Albania,ALB,2016,11988668784.6628,2876101.0,27400.0,14.3157796859741
Albania,ALB,2015,11470171826.9575,2880703.0,27400.0,14.8080072402954
Albania,ALB,2014,13296322588.1684,2889104.0,27400.0,13.1912441253662
Albania,ALB,2013,12796985886.1478,2895092.0,27400.0,12.9113216400146
Albania,ALB,2012,12246499747.9714,2900401.0,27400.0,12.8999996185303
Albania,ALB,2011,12973755874.5365,2905195.0,27400.0,12.0
Albania,ALB,2008,13258506375.4518,2947314.0,27400.0,9.81999969482422
Albania,ALB,2001,4059064033.13379,3060173.0,27400.0,7.42999982833862
Andorra,AND,2022,3380612573.32922,79705.0,470.0,25.0400009155273
Andorra,AND,2016,2896610479.73077,72181.0,470.0,21.0499992370605
Andorra,AND,2015,2789881258.50362,72174.0,470.0,21.1299991607666
Andorra,AND,2014,3271685596.66321,73737.0,470.0,21.25
Andorra,AND,2006,3459337986.88383,79585.0,470.0,17.9899997711182
Andorra,AND,2005,3161084091.11674,77421.0,470.0,17.2000007629395
Andorra,AND,2004,2900245324.49221,74325.0,470.0,16.3099994659424
United Arab Emirates,ARE,2022,502731935194.01,10074977.0,71020.0,51.0699996948242
United Arab Emirates,ARE,2021,415178792756.978,9575152.0,71020.0,47.1800003051758
United Arab Emirates,ARE,2019,417989721742.682,9445785.0,71020.0,46.6300010681152
United Arab Emirates,ARE,2018,427049432157.931,9346701.0,71020.0,47.2900009155273
United Arab Emirates,ARE,2017,390516804029.952,9223225.0,71020.0,46.560001373291
United Arab Emirates,ARE,2016,369255326235.534,8935095.0,71020.0,31.6900005340576
Armenia,ARM,2022,19513506553.1251,2969200.0,28470.0,28.2912654876709
Armenia,ARM,2021,13878908628.9378,2962300.0,28470.0,28.5798759460449
Armenia,ARM,2020,12641698583.2152,2961500.0,28470.0,24.2099990844727
Armenia,ARM,2019,13619290539.2116,2962500.0,28470.0,27.4885902404785
Armenia,ARM,2018,12457940694.7395,2969000.0,28470.0,24.2692451477051
Armenia,ARM,2017,11527458709.0158,2979400.0,28470.0,24.3799991607666
Armenia,ARM,2016,10546136235.5219,2992300.0,28470.0,24.1347694396973
Armenia,ARM,2015,10553337518.414,3004600.0,28470.0,27.3099994659424
Armenia,ARM,2014,11609513246.7958,3013800.0,28470.0,25.2052688598633
Armenia,ARM,2013,11121464437.0415,3022000.0,28470.0,24.1895084381104
Armenia,ARM,2012,10619320682.9474,3024100.0,28470.0,23.3566970825195
Armenia,ARM,2011,10142111824.5835,3027900.0,28470.0,24.4200000762939
Armenia,ARM,2010,9260285755.62424,3044800.0,28470.0,21.076099395752
Armenia,ARM,2001,2118467913.37873,3211800.0,28470.0,20.3600006103516
Antigua and Barbuda,ATG,2021,1602125925.92593,92349.0,440.0,11.8943700790405
Australia,AUS,2022,1690858246994.43,26014399.0,7692020.0,36.8400001525879
Australia,AUS,2021,1556735770437.26,25685412.0,7692020.0,35.9599990844727
Australia,AUS,2020,1328414058378.38,25649248.0,7692020.0,35.0200004577637
Australia,AUS,2019,1392723834562.64,25334826.0,7692020.0,33.0900001525879
Australia,AUS,2018,1427809041019.44,24963258.0,7692020.0,31.75
Australia,AUS,2017,1325582658156.54,24592588.0,7692020.0,31.3899993896484
Australia,AUS,2016,1206836962281.84,24190907.0,7692020.0,30.0300006866455
Australia,AUS,2015,1351296372254.31,23815995.0,7682300.0,29.7800006866455
Australia,AUS,2014,1468265356427.76,23475686.0,7682300.0,28.6200008392334
Australia,AUS,2013,1577123329410.88,23128129.0,7682300.0,26.7399997711182
Austria,AUT,2021,480467037338.783,8955797.0,82520.0,16.605094909668
Austria,AUT,2020,434397601557.696,8916864.0,82520.0,15.9696025848389
Austria,AUT,2019,442983642371.842,8879920.0,82520.0,15.3599996566772
Austria,AUT,2018,452582294972.775,8840521.0,82520.0,14.7956075668335
Austria,AUT,2017,414926138132.691,8797566.0,82520.0,14.25
Austria,AUT,2016,393687359770.273,8736668.0,82520.0,13.460000038147
Austria,AUT,2015,379546097300.633,8642699.0,82520.0,13.0799999237061
Austria,AUT,2014,438556021078.034,8546356.0,82520.0,11.8699998855591
Azerbaijan,AZE,2022,78807470588.2353,10141756.0,82650.0,17.6716747283936
Azerbaijan,AZE,2021,54825411764.7059,10137750.0,82650.0,16.2499160766602
Azerbaijan,AZE,2019,48174235294.1176,10024283.0,82654.0,15.7200002670288
Azerbaijan,AZE,2018,47112470051.7701,9939771.0,82654.0,15.7299995422363
Azerbaijan,AZE,2017,40866627351.9817,9854033.0,82662.0,15.7200002670288
Azerbaijan,AZE,2016,37866996882.9157,9757812.0,82670.0,15.7399997711182
Azerbaijan,AZE,2015,53076235354.746,9649341.0,82663.0,15.6899995803833
Azerbaijan,AZE,2014,75239785452.1022,9535079.0,82663.0,15.6800003051758
Azerbaijan,AZE,2013,74160560123.6902,9416801.0,82659.0,15.6599998474121
Azerbaijan,AZE,1999,4581248566.50158,7982750.0,82705.0,13.2799997329712
Burundi,BDI,2017,2723586962.84034,11506762.0,25680.0,0.910000026226044
Burundi,BDI,2014,2705783329.80483,10799785.0,25680.0,0.810000002384186
Belgium,BEL,2022,593614574325.878,11680210.0,30494.0,39.385196685791
Belgium,BEL,2021,598522422241.851,11586195.0,30494.0,38.5315399169922
Belgium,BEL,2020,529694473501.791,11538604.0,30494.0,36.6534843444824
Belgium,BEL,2019,536726344405.489,11488980.0,30494.0,35.2999992370605
Belgium,BEL,2018,542638913427.921,11427054.0,30493.0,35.2702827453613
Belgium,BEL,2017,500908767351.53,11375158.0,30333.0,34.689998626709
Belgium,BEL,2016,474271566739.729,11331422.0,30333.0,32.1699981689453
Belgium,BEL,2015,461044767544.531,11274196.0,30333.0,31.7099990844727
Belgium,BEL,2014,537987419164.351,11209057.0,30333.0,31.2600002288818
Belgium,BEL,2013,524097026598.55,11159407.0,30333.0,30.25
Belgium,BEL,2012,498414364944.961,11106932.0,30333.0,0.498984664678574
Belgium,BEL,2011,527196649048.639,11038264.0,30333.0,0.498997062444687
Belgium,BEL,2010,481556503720.001,10895586.0,30333.0,0.541976690292358
Benin,BEN,2022,17425405083.8797,13759501.0,112760.0,4.79155015945435
Benin,BEN,2021,17687623534.6665,13413417.0,112760.0,3.06135010719299
Benin,BEN,2019,14391686313.4641,12726755.0,112760.0,3.54480004310608
Benin,BEN,2018,14262408089.9261,12383347.0,112760.0,0.0
Benin,BEN,2017,12701655836.9467,12039780.0,112760.0,2.53311991691589
Burkina Faso,BFA,2022,18820218690.5948,22509038.0,273600.0,1.9884124994278
Burkina Faso,BFA,2021,19697516284.3787,21995243.0,273600.0,2.40341997146606
Burkina Faso,BFA,2019,16032813503.3707,20961952.0,273600.0,2.11959004402161
Burkina Faso,BFA,2018,15890066221.2882,20438288.0,273600.0,2.15000009536743
Burkina Faso,BFA,2014,13943016076.7436,18229461.0,273600.0,0.0
Bangladesh,BGD,2022,460131689083.083,169384897.0,130170.0,7.57236766815186
Bangladesh,BGD,2021,416271647911.014,167658854.0,130170.0,9.78999996185303
Bangladesh,BGD,2019,351231654603.692,164913055.0,130170.0,9.76000022888184
Bangladesh,BGD,2018,321362752441.78,163523103.0,130170.0,9.35999965667725
Bangladesh,BGD,2017,293732446624.596,162186147.0,130170.0,8.97999954223633
Bangladesh,BGD,2016,265224515675.034,160811932.0,130170.0,8.51000022888184
Bangladesh,BGD,2015,195146608978.131,159383179.0,130170.0,8.23999977111816
Bangladesh,BGD,2014,172886611653.786,157964929.0,130170.0,5.84999990463257
Bangladesh,BGD,2013,149998957434.186,156532141.0,130170.0,5.5
Bangladesh,BGD,2012,133310747603.483,155070101.0,130170.0,5.86999988555908
Bangladesh,BGD,2011,128607482310.357,153591076.0,130170.0,5.69000005722046
Bulgaria,BGR,2022,90509236929.2237,6465097.0,108560.0,26.3977317810059
Bulgaria,BGR,2021,84414122840.1687,6507301.0,108560.0,26.2697563171387
Bulgaria,BGR,2020,70550652466.6251,6550696.0,108560.0,26.0499992370605
Bulgaria,BGR,2019,68634004792.1,6616726.0,108560.0,25.1552085876465
Bulgaria,BGR,2018,66251582035.9412,6710798.0,108560.0,25.113618850708
Bulgaria,BGR,2017,59167647387.606,6803468.0,108560.0,24.7099990844727
Bulgaria,BGR,2016,53929397039.2106,6894139.0,108560.0,24.6299991607666
Bulgaria,BGR,2015,50765918159.1476,6984225.0,108560.0,24.4699993133545
Bulgaria,BGR,2014,57080897012.1077,7073572.0,108560.0,24.0599994659424
Bulgaria,BGR,2013,55819262374.9039,7160005.0,108560.0,22.9200000762939
Bulgaria,BGR,2012,54297052002.2338,7305888.0,108560.0,21.5100002288818
Bulgaria,BGR,2011,57681293006.9721,7348328.0,108560.0,20.8099994659424
Bulgaria,BGR,2010,50689051382.4361,7395599.0,108560.0,20.7199993133545
Bulgaria,BGR,2009,52023801230.12,7444443.0,108560.0,20.5300006866455
Bulgaria,BGR,2008,54480684188.4442,7492561.0,108610.0,20.1900005340576
Bulgaria,BGR,2007,44431257128.8618,7545338.0,108610.0,19.8199996948242
Bulgaria,BGR,2006,34380536495.6739,7601022.0,108630.0,19.5
Bulgaria,BGR,2001,14183446025.7389,8009142.0,110630.0,18.0499992370605
Bahrain,BHR,2022,46458191489.3617,1524693.0,790.0,29.7800006866455
Bahrain,BHR,2020,35837632978.7234,1472204.0,785.0,23.3299999237061
Bahrain,BHR,2018,39567978723.4043,1503091.0,778.0,21.6100006103516
Bahrain,BHR,2017,37204813829.7872,1501116.0,780.0,14.3400001525879
Bahrain,BHR,2016,33884680851.0638,1423726.0,779.0,14.2799997329712
Bahrain,BHR,2010,26805984042.5532,1228543.0,762.0,9.47999954223633
"Bahamas, The",BHS,2010,10095760000.0,367478.0,10010.0,15.2299995422363
"Bahamas, The",BHS,2000,8076470000.0,323835.0,10010.0,0.340000003576279
Bosnia and Herzegovina,BIH,2022,24534663636.1778,3204802.0,51200.0,12.289999961853
Bosnia and Herzegovina,BIH,2021,23672712242.2149,3244907.0,51200.0,11.7022619247437
Bosnia and Herzegovina,BIH,2020,20226036564.4129,3299349.0,51200.0,10.5900001525879
Bosnia and Herzegovina,BIH,2019,20482608755.379,3345533.0,51200.0,6.99687480926514
Bosnia and Herzegovina,BIH,2018,20484053868.9246,3387000.0,51200.0,7.75
Bosnia and Herzegovina,BIH,2017,18326373366.1105,3428682.0,51200.0,7.18639755249023
Bosnia and Herzegovina,BIH,2016,17116926327.6247,3473003.0,51200.0,8.38000011444092
Bosnia and Herzegovina,BIH,2015,16404348871.4437,3518541.0,51200.0,7.55000019073486
Bosnia and Herzegovina,BIH,2014,18558733564.4692,3564829.0,51200.0,7.82999992370605
Bosnia and Herzegovina,BIH,2011,18644233537.1093,3741798.0,51200.0,6.17000007629395
Bosnia and Herzegovina,BIH,2010,17176315803.7298,3811472.0,51200.0,5.73000001907349
Belarus,BLR,2019,64410170653.4569,9419758.0,202965.0,28.2999992370605
Belarus,BLR,2009,50873167326.0414,9504583.0,202898.0,21.9599990844727
Belize,BLZ,2021,2420550000.0,395346.0,22810.0,4.44977998733521
Belize,BLZ,2020,2042850000.0,390812.0,22810.0,7.88000011444092
Belize,BLZ,2019,2388300000.0,385829.0,22810.0,6.68530750274658
Belize,BLZ,2015,2193050000.0,356333.0,22810.0,2.56925010681152
Belize,BLZ,2010,1745700000.0,320245.0,22810.0,5.71999979019165
Bermuda,BMU,2016,6899911000.0,63449.0,54.0,31.1100006103516
Bermuda,BMU,2010,6634526000.0,63725.0,54.0,28.3299999237061
Bolivia,BOL,2022,44008282879.8842,12077154.0,1083300.0,16.893159866333
Bolivia,BOL,2021,40406111693.1983,11937360.0,1083300.0,16.2906856536865
Bolivia,BOL,2020,36629843806.0781,11816299.0,1083300.0,26.8199996948242
Bolivia,BOL,2019,40895322850.9407,11671386.0,1083300.0,24.7000007629395
Bolivia,BOL,2018,40287647930.5355,11508368.0,1083300.0,14.3088550567627
Bolivia,BOL,2017,37508642170.767,11344587.0,1083300.0,14.1513919830322
Bolivia,BOL,2016,33941126193.9219,11180020.0,1083300.0,13.4819030761719
Bolivia,BOL,2015,33000198248.9146,11014705.0,1083300.0,22.3299999237061
Bolivia,BOL,2014,32996188017.3661,10848888.0,1083300.0,12.9951934814453
Bolivia,BOL,2013,30659338885.6729,10682608.0,1083300.0,14.825252532959
Bolivia,BOL,2012,27084497481.9103,10515807.0,1083300.0,12.9347915649414
Bolivia,BOL,2011,23963164696.592,10348929.0,1083300.0,15.0740156173706
Brazil,BRA,2018,1916933898010.99,206107261.0,8358140.0,16.5400009155273
Brazil,BRA,2017,2063514977365.65,204703445.0,8358140.0,15.7299995422363
Brazil,BRA,2016,1795693482853.01,203218114.0,8358140.0,15.3500003814697
Barbados,BRB,2000,3059500000.0,262063.0,430.0,1.05999994277954
Brunei Darussalam,BRN,2022,16681536442.5498,455370.0,5270.0,17.5747013092041
Brunei Darussalam,BRN,2021,14006496614.3195,451721.0,5270.0,15.9185581207275
Brunei Darussalam,BRN,2020,12005799664.2691,447404.0,5270.0,15.4780359268188
Brunei Darussalam,BRN,2019,13469235348.2211,442680.0,5270.0,17.4602642059326
Brunei Darussalam,BRN,2018,13566908401.1864,437810.0,5270.0,14.3216934204102
Brunei Darussalam,BRN,2017,12128168046.7827,432772.0,5270.0,13.9772520065308
Brunei Darussalam,BRN,2014,17097797371.9718,416750.0,5270.0,14.8701610565186
Brunei Darussalam,BRN,2011,18524791070.6802,399389.0,5270.0,11.1099996566772
Bhutan,BTN,2017,2591358009.20276,754335.0,38144.0,10.1999998092651
Bhutan,BTN,2012,1973387227.96519,717279.0,38117.0,4.55000019073486
Botswana,BWA,2022,20321150598.0672,2439892.0,566730.0,9.51717185974121
Botswana,BWA,2021,18750182234.5317,2401441.0,566730.0,8.84055423736572
Botswana,BWA,2020,14960251610.8975,2365894.0,566730.0,8.33574199676514
Botswana,BWA,2019,16725908148.5481,2332083.0,566730.0,8.1895227432251
Central African Republic,CAF,2019,2221301351.43918,4944703.0,622980.0,1.81203997135162
Canada,CAN,2022,2190411080134.32,38935934.0,8788700.0,32.3500862121582
Canada,CAN,2021,2022378748423.23,38239864.0,8788700.0,29.3299999237061
Canada,CAN,2020,1655684730000.19,38028638.0,8965590.0,30.970832824707
Canada,CAN,2019,1743725183672.52,37618495.0,8965590.0,29.7712154388428
Canada,CAN,2018,1725329192783.02,37072620.0,8965590.0,28.5200099945068
Canada,CAN,2017,1649265644244.09,36545075.0,8965590.0,27.9425659179688
Canada,CAN,2016,1527994741907.43,36110803.0,8965590.0,25.75
Canada,CAN,2015,1556508816217.14,35704498.0,8965590.0,26.577808380127
Canada,CAN,2014,1805749878439.94,35434066.0,8965590.0,25.6870307922363
Canada,CAN,2013,1846597421834.98,35080992.0,8965590.0,25.3839149475098
Canada,CAN,2012,1828366481521.6,34713395.0,8965590.0,24.7599868774414
Canada,CAN,2011,1793326630174.52,34339221.0,8965590.0,24.0642337799072
Canada,CAN,2010,1617343367486.26,34005902.0,8965590.0,23.551887512207
Switzerland,CHE,2022,828508926958.393,8777088.0,39509.63,40.0153961181641
Switzerland,CHE,2021,815309330986.719,8704546.0,39509.63,40.1155204772949
Switzerland,CHE,2020,741999406005.627,8638167.0,39509.63,40.4104690551758
Switzerland,CHE,2019,721369112726.724,8575280.0,39509.63,39.5556106567383
Switzerland,CHE,2018,725568717468.001,8514329.0,39509.63,38.9846878051758
Switzerland,CHE,2017,695200834102.045,8451840.0,39509.63,37.8640937805176
Switzerland,CHE,2016,687895460902.713,8373338.0,39509.63,36.604320526123
Switzerland,CHE,2015,694118186379.628,8282396.0,39510.23,35.4598159790039
Switzerland,CHE,2014,726537809429.524,8188649.0,39510.829,34.0826568603516
Chile,CHL,2022,301226575540.242,19553036.0,743532.0,20.2825660705566
Chile,CHL,2021,315325547162.072,19456334.0,743532.0,19.6066036224365
Chile,CHL,2020,254042159309.311,19370624.0,743532.0,19.1351909637451
Chile,CHL,2019,278285058719.466,19197744.0,743532.0,15.9265537261963
Chile,CHL,2018,295857562991.709,18893191.0,743532.0,15.5733489990234
Chile,CHL,2017,276154259981.097,18558868.0,743532.0,14.6400003433228
Chile,CHL,2016,249344863928.438,18267221.0,743532.0,13.9364814758301
Chile,CHL,2015,242450355830.884,18047625.0,743532.0,13.1000003814697
Chile,CHL,2014,259560978224.359,17864195.0,743532.0,13.3998031616211
Chile,CHL,2013,277395018842.417,17687006.0,743532.0,11.7200002670288
Chile,CHL,2012,267024782486.855,17519119.0,743532.0,12.4730710983276
Chile,CHL,2011,251382573893.87,17351816.0,743532.0,10.3599996566772
Chile,CHL,2010,217051209238.534,17181464.0,743532.0,11.7690849304199
China,CHN,2020,14996414166715.1,1411100000.0,9388210.0,7.67999982833862
China,CHN,2010,6192564874453.29,1337705000.0,9388211.0,3.57999992370605
Cote d'Ivoire,CIV,2022,70922824824.0069,30395002.0,318000.0,4.76513671875
Cote d'Ivoire,CIV,2021,72794636649.4342,29639736.0,318000.0,4.98000001907349
Cote d'Ivoire,CIV,2019,60382894697.3557,28193009.0,318000.0,5.22612524032593
Cote d'Ivoire,CIV,2016,48407761036.8238,25989405.0,318000.0,3.45458006858826
Cote d'Ivoire,CIV,2013,42760235484.6093,23939775.0,318000.0,2.59874606132507
Cote d'Ivoire,CIV,2012,36302302877.2977,23467078.0,318000.0,6.2484974861145
Cameroon,CMR,2018,39955552189.795,24806383.0,472710.0,6.42238998413086
Cameroon,CMR,2014,36386544706.0806,22059893.0,472710.0,5.79577016830444
"Congo, Dem. Rep.",COD,2018,47568210009.8172,90047644.0,2267050.0,7.4141697883606
"Congo, Dem. Rep.",COD,2016,37134801555.3322,83956415.0,2267050.0,3.48000001907349
"Congo, Dem. Rep.",COD,2013,32679745048.4427,75789395.0,2267050.0,1.74000000953674
"Congo, Dem. Rep.",COD,2012,29306235285.2597,73254618.0,2267050.0,7.35328578948975
"Congo, Rep.",COG,2015,12434793867.3568,5097581.0,341500.0,7.82301998138428
Colombia,COL,2022,345632492851.448,51737944.0,1109500.0,16.20046043396
Colombia,COL,2020,270348342541.465,50629997.0,1109500.0,12.8500003814697
Colombia,COL,2019,323031701192.84,49907985.0,1109500.0,12.0699996948242
Colombia,COL,2018,334198218098.276,49024465.0,1109500.0,11.7600002288818
Colombia,COL,2016,282720100286.228,47437512.0,1109500.0,10.8999996185303
Colombia,COL,2015,293492370193.166,46969940.0,1109500.0,10.3000001907349
Colombia,COL,2014,381240864422.407,46565429.0,1109500.0,10.5100002288818
Colombia,COL,2013,382093697077.685,46151584.0,1109500.0,10.0799999237061
Colombia,COL,2012,370691143018.039,45715810.0,1109500.0,9.47000026702881
Colombia,COL,2011,334966134804.887,45259614.0,1109500.0,9.52000045776367
Colombia,COL,2010,286498534094.963,44777319.0,1109500.0,9.47000026702881
Colombia,COL,2009,232468663109.595,44271541.0,1109500.0,9.1899995803833
Colombia,COL,2008,242504150472.931,43758808.0,1109500.0,9.96000003814697
Colombia,COL,2007,206229540926.312,43235374.0,1109500.0,9.6899995803833
Comoros,COM,2022,1279542248.45017,834188.0,1861.0,14.056170463562
Comoros,COM,2021,1299039311.76025,818174.0,1861.0,3.31192517280579
Comoros,COM,2014,1149587623.99594,711503.0,1861.0,5.74592638015747
Cabo Verde,CPV,2015,1749857620.35329,512394.0,4030.0,6.92999982833862
Costa Rica,CRI,2020,62395610759.9798,5034320.0,51060.0,21.6100006103516
Costa Rica,CRI,2018,62420164991.5444,4957818.0,51060.0,21.3099994659424
Costa Rica,CRI,2016,58847019609.743,4866998.0,51060.0,20.6299991607666
Costa Rica,CRI,2015,56441920820.5538,4818038.0,51060.0,21.2999992370605
Costa Rica,CRI,2014,52016408854.212,4767119.0,51060.0,22.7900009155273
Cuba,CUB,2019,103427600000.0,11202846.0,103800.0,15.3287696838379
Cuba,CUB,2012,73141000000.0,11303175.0,106649.0,14.1800003051758
Cuba,CUB,2002,33590500000.0,11177418.0,106390.0,9.35999965667725
Curacao,CUW,2020,2534327592.49914,154947.0,444.0,30.1700000762939
Curacao,CUW,2018,3046364804.46927,159336.0,444.0,21.9363098144531
Cayman Islands,CYM,2015,4708167232.66893,61642.0,240.0,29.8600006103516
Cayman Islands,CYM,2014,4562853611.41445,60160.0,240.0,32.1599998474121
Cyprus,CYP,2022,30935566076.6788,1331370.0,9240.0,33.1645622253418
Cyprus,CYP,2021,30372642502.4897,1317309.0,9240.0,31.7849750518799
Cyprus,CYP,2020,25555093854.2968,1302247.0,9240.0,29.7999992370605
Cyprus,CYP,2019,26196667099.5303,1286671.0,9240.0,28.8715553283691
Cyprus,CYP,2018,25754001367.5448,1270737.0,9240.0,28.5599994659424
Cyprus,CYP,2017,22946570628.7576,1254275.0,9240.0,27.1771392822266
Cyprus,CYP,2016,21046462280.5979,1237112.0,9240.0,26.6200008392334
Cyprus,CYP,2015,19909278416.8575,1219502.0,9240.0,25.5499992370605
Cyprus,CYP,2014,23225918259.9824,1201801.0,9240.0,25.9699993133545
Cyprus,CYP,2013,23959712860.8331,1183895.0,9240.0,24.8899993896484
Czechia,CZE,2022,301831228325.556,10672118.0,77171.73,20.9734058380127
Czechia,CZE,2021,290972714482.313,10505772.0,77186.83,22.8479957580566
Czechia,CZE,2020,251109660602.536,10697858.0,77198.53,21.3851680755615
Czechia,CZE,2019,256794209028.77,10671870.0,77205.5,20.9099998474121
Czechia,CZE,2018,251992360762.236,10629928.0,77210.0,21.0019187927246
Czechia,CZE,2017,221563575696.217,10594438.0,77210.0,20.7299995422363
Czechia,CZE,2016,198160659303.939,10566332.0,77210.0,20.0799999237061
Czechia,CZE,2015,189107698561.919,10546059.0,77210.0,19.3400001525879
Czechia,CZE,2014,210911285077.683,10525347.0,77220.0,18.8299999237061
Czechia,CZE,2013,213024360541.119,10514272.0,77220.0,4.42498064041138
Czechia,CZE,2012,210363223087.728,10510785.0,77230.0,4.1296648979187
Czechia,CZE,2011,231429378717.312,10496088.0,77230.0,3.59428691864014
Czechia,CZE,2010,211168667286.27,10474410.0,77230.0,2.86714029312134
Germany,DEU,2022,4163596357879.39,83797985.0,349360.0,29.2060985565186
Germany,DEU,2021,4348297440387.53,83196078.0,349390.0,29.0407466888428
Germany,DEU,2020,3940142541354.1,83160871.0,349390.0,28.3500003814697
Germany,DEU,2019,3957208055215.68,83092962.0,349390.0,27.0112819671631
Germany,DEU,2018,4052008447223.53,82905782.0,349380.0,25.1499996185303
Germany,DEU,2017,3763092263752.95,82657002.0,349370.0,25.8552474975586
Germany,DEU,2016,3537784107980.55,82348669.0,349360.0,25.5799999237061
Germany,DEU,2015,3423568450957.03,81686611.0,348860.0,24.7399997711182
Germany,DEU,2014,3965800686309.79,80982500.0,348900.0,24.1800003051758
Germany,DEU,2013,3808086291482.36,80645605.0,348880.0,1.23633599281311
Germany,DEU,2012,3597896500945.31,80425823.0,348540.0,1.24101305007935
Germany,DEU,2011,3824828563521.41,80274983.0,348560.0,1.21879899501801
Germany,DEU,2010,3468154343000.01,81776930.0,348570.0,1.2921187877655
Djibouti,DJI,2017,2762581334.22612,1054841.0,23180.0,7.0643367767334
Dominica,DMA,2021,562911111.111111,67202.0,750.0,6.83760023117065
Dominica,DMA,2001,377462962.962963,68288.0,750.0,5.03000020980835
Denmark,DNK,2022,401945576107.963,5903037.0,40000.0,32.7245712280273
Denmark,DNK,2021,408378204639.999,5856733.0,40000.0,32.452018737793
Denmark,DNK,2020,355631021931.621,5831404.0,40000.0,33.0900001525879
Denmark,DNK,2019,345401473012.615,5814422.0,40000.0,31.120885848999
Denmark,DNK,2018,355293374912.393,5793636.0,40000.0,32.3600006103516
Denmark,DNK,2017,331610593961.988,5764980.0,40000.0,29.7281112670898
Denmark,DNK,2016,312181849372.233,5728010.0,40000.0,30.9799995422363
Denmark,DNK,2015,301758922337.637,5683483.0,40000.0,30.3799991607666
Denmark,DNK,2014,352832602064.452,5643475.0,40000.0,28.9799995422363
Denmark,DNK,2013,344631016965.12,5614932.0,40000.0,0.678235471248627
Denmark,DNK,2012,326792574244.963,5591572.0,40000.0,0.601769864559174
Denmark,DNK,2011,344315595263.175,5570572.0,40000.0,0.570325374603271
Denmark,DNK,2010,322345594075.47,5547683.0,40000.0,0.534815609455109
Dominican Republic,DOM,2022,113478087134.8,11230734.0,48198.02,17.6953067779541
Dominican Republic,DOM,2021,94850719516.7127,11123476.0,48198.02,12.9000816345215
Dominican Republic,DOM,2020,78546672406.8291,11008300.0,48198.02,12.8589019775391
Dominican Republic,DOM,2019,89146130744.723,10894043.0,48198.02,14.3608598709106
Dominican Republic,DOM,2018,84994732049.3461,10782053.0,48310.0,12.7266597747803
Dominican Republic,DOM,2017,79070274743.1658,10666843.0,48310.0,11.7243194580078
Dominican Republic,DOM,2016,75552902635.7075,10551430.0,48310.0,18.1200008392334
Dominican Republic,DOM,2015,70966782572.4386,10434829.0,48310.0,11.742317199707
Algeria,DZA,2019,193459662090.677,43294546.0,2381741.0,11.4359302520752
Algeria,DZA,2011,218331946925.304,36903376.0,2381740.0,2.34999990463257
Ecuador,ECU,2022,116133121000.0,17823897.0,248360.0,12.1300001144409
Ecuador,ECU,2021,107179074000.0,17682454.0,248360.0,12.3999996185303
Ecuador,ECU,2020,95865473000.0,17546065.0,248360.0,11.9399995803833
Ecuador,ECU,2017,104467486000.0,16759519.0,248360.0,12.1599998474121
Ecuador,ECU,2016,97671433000.0,16505139.0,248360.0,11.7200002670288
Ecuador,ECU,2015,97209558000.0,16266225.0,248360.0,12.0799999237061
Ecuador,ECU,2014,102717794000.0,16035124.0,248360.0,10.4300003051758
Ecuador,ECU,2013,96570334000.0,15807128.0,248360.0,11.5200004577637
Ecuador,ECU,2012,87735048000.0,15572194.0,248360.0,10.9499998092651
Ecuador,ECU,2011,78986648000.0,15326227.0,248360.0,9.61999988555908
Ecuador,ECU,2010,68151329000.0,15076695.0,248360.0,10.2700004577637
Ecuador,ECU,2009,60094978000.0,14825954.0,248360.0,9.97000026702881
Ecuador,ECU,2008,61139438000.0,14575202.0,248360.0,9.77999973297119
Ecuador,ECU,2007,49848725000.0,14328773.0,248360.0,10.1700000762939
"Egypt, Arab Rep.",EGY,2021,424671765455.704,110957008.0,995450.0,0.0
"Egypt, Arab Rep.",EGY,2020,383817841547.099,109315124.0,995450.0,0.0
"Egypt, Arab Rep.",EGY,2017,248362771739.13,103696057.0,995450.0,6.17000007629395
Spain,ESP,2022,1446498147749.03,47786102.0,499713.681,24.706615447998
Spain,ESP,2021,1461244901852.69,47443821.0,499733.244,24.6002025604248
Spain,ESP,2020,1289783836971.21,47359424.0,499556.645,23.5799999237061
Spain,ESP,2019,1403496387686.27,47118501.0,499570.036,23.0202732086182
Spain,ESP,2018,1431642809327.06,46782011.0,499603.479,21.9400005340576
Spain,ESP,2017,1321754088818.83,46571232.0,499547.35,21.4282608032227
Spain,ESP,2016,1243015667917.12,46458139.0,499564.0,20.9400005340576
Spain,ESP,2015,1206164777553.12,46422303.0,499661.0,20.4723052978516
Spain,ESP,2014,1380244561361.96,46460733.0,500210.0,20.375280380249
Spain,ESP,2013,1362186923157.65,46604197.0,500210.0,0.568471610546112
Spain,ESP,2012,1330994811670.31,46773055.0,500210.0,0.582100212574005
Spain,ESP,2011,1487568659241.25,46742697.0,499880.0,0.565749108791351
Spain,ESP,2010,1427989078916.67,46576897.0,500010.0,0.506335854530334
Estonia,EST,2022,38376046174.971,1348840.0,42730.0,32.6602210998535
Estonia,EST,2021,37204563051.4723,1330932.0,42750.0,31.7315711975098
Estonia,EST,2020,31820771493.8974,1329522.0,42750.0,30.8500003814697
Estonia,EST,2019,31873748770.0313,1326898.0,42750.0,33.4643707275391
Estonia,EST,2018,31222632740.7247,1321977.0,42750.0,33.57568359375
Estonia,EST,2017,27469461919.1189,1317384.0,42750.0,31.720100402832
Estonia,EST,2016,24561027787.7896,1315790.0,43470.0,30.4089946746826
Estonia,EST,2015,23311847750.9394,1315407.0,43470.0,29.775821685791
Estonia,EST,2014,27055689003.0038,1314545.0,43470.0,29.137752532959
Ethiopia,ETH,2021,111261888668.864,122138588.0,1128571.4,6.28919649124146
Ethiopia,ETH,2016,74296766562.127,106718162.0,1128558.5,1.33300995826721
Ethiopia,ETH,2013,47648276605.0123,98438751.0,1128572.1,1.25512230396271
Finland,FIN,2022,280253099309.34,5556106.0,303947.7,28.7976665496826
Finland,FIN,2021,294223210496.119,5541017.0,303947.7,28.2076778411865
Finland,FIN,2020,270000311606.226,5529543.0,303940.0,30.9471302032471
Finland,FIN,2019,267014821129.411,5521606.0,303930.0,25.9400005340576
Finland,FIN,2018,273869255596.078,5515525.0,303920.0,27.8136768341064
Finland,FIN,2017,253846138440.0,5508214.0,303920.0,24.3400001525879
Finland,FIN,2016,238777818792.608,5495303.0,303910.0,25.4359493255615
Finland,FIN,2015,233210733506.25,5479531.0,303910.0,23.0300006866455
Finland,FIN,2014,273478528954.901,5461512.0,303890.0,22.5100002288818
Finland,FIN,2013,270268036626.275,5438972.0,303890.0,21.8899993896484
Finland,FIN,2012,257443384492.969,5413971.0,303890.0,21.1399993896484
Finland,FIN,2011,275126915515.565,5388272.0,303890.0,0.987625002861023
Finland,FIN,2010,249429613683.334,5363352.0,303900.0,0.945088148117065
Fiji,FJI,2021,4305031649.74189,916711.0,18270.0,10.0197696685791
Fiji,FJI,2017,5353469174.47838,918759.0,18270.0,5.17000007629395
Fiji,FJI,2014,4857104768.86844,917585.0,18270.0,6.78124570846558
France,FRA,2022,2796302210398.84,68065015.0,547557.0,22.5577774047852
France,FRA,2021,2966433692008.09,67842811.0,547557.0,22.9377460479736
France,FRA,2020,2647926055110.05,67601110.0,547557.0,20.9787750244141
France,FRA,2019,2722793515171.76,67382061.0,547557.0,19.7000007629395
France,FRA,2018,2781576320884.39,67158348.0,547557.0,19.2230129241943
France,FRA,2017,2588868323334.71,66918020.0,547557.0,18.0
France,FRA,2016,2470407619777.13,66724104.0,547557.0,17.3999996185303
France,FRA,2015,2442483452642.5,66548272.0,547557.0,17.6599998474121
France,FRA,2014,2861236112552.42,66312067.0,547557.0,16.3899993896484
"Micronesia, Fed. Sts.",FSM,2014,319271200.0,108396.0,700.0,7.09629917144775
United Kingdom,GBR,2022,3114042471144.39,67604000.0,241930.0,35.85205078125
United Kingdom,GBR,2021,3143323050707.26,66984000.0,241930.0,39.5900001525879
United Kingdom,GBR,2020,2696778386607.65,66744000.0,241930.0,37.2799987792969
United Kingdom,GBR,2019,2851407164907.81,66631000.0,241930.0,29.0026969909668
United Kingdom,GBR,2018,2871340347581.79,66289000.0,241930.0,27.8820743560791
United Kingdom,GBR,2017,2680148052335.3,65966000.0,241930.0,33.9199981689453
United Kingdom,GBR,2016,2689106566899.61,65607000.0,241930.0,26.1183948516846
United Kingdom,GBR,2015,2927911140916.73,65088000.0,241930.0,25.1243190765381
United Kingdom,GBR,2014,3064708247921.43,64620000.0,241930.0,29.3299999237061
United Kingdom,GBR,2013,2784853502534.29,64139000.0,241930.0,28.3899993896484
United Kingdom,GBR,2012,2707089726614.64,63711000.0,241930.0,1.06229543685913
United Kingdom,GBR,2011,2663805834828.07,63258810.0,241930.0,1.01876890659332
United Kingdom,GBR,2010,2485482596184.71,62766365.0,241930.0,1.10243928432465
Georgia,GEO,2022,24984568959.605,3712502.0,69490.0,34.0200004577637
Georgia,GEO,2021,18853115588.8106,3708610.0,69490.0,34.2079086303711
Georgia,GEO,2020,16010869215.68,3722716.0,69490.0,33.1648941040039
Georgia,GEO,2019,17638337116.9126,3720161.0,69490.0,33.6699981689453
Georgia,GEO,2018,17902544880.6471,3726549.0,69490.0,34.8497581481934
Georgia,GEO,2017,16473125375.0684,3728004.0,69490.0,34.0200004577637
Georgia,GEO,2016,15444548901.9637,3727505.0,69490.0,32.8499984741211
Georgia,GEO,2015,15223796148.8396,3725276.0,69490.0,34.6597900390625
Georgia,GEO,2014,17966015109.3043,3719414.0,69490.0,30.8600006103516
Georgia,GEO,2013,17517660143.6859,3717668.0,69490.0,33.1168594360352
Georgia,GEO,2012,16894392033.2256,3728874.0,69490.0,30.1700000762939
Georgia,GEO,2011,15475290469.2869,3756441.0,69490.0,32.3346519470215
Georgia,GEO,2010,12426907967.1578,3786695.0,69490.0,0.0
Ghana,GHA,2022,73919003209.9866,33149152.0,227533.0,6.22969007492065
Ghana,GHA,2017,60385409434.8567,30008354.0,227540.0,3.49149990081787
Ghana,GHA,2015,49436806230.4839,28696068.0,227540.0,4.72734594345093
Ghana,GHA,2013,62845721959.827,27386193.0,227540.0,5.40798091888428
Ghana,GHA,2010,32197655566.5347,25474995.0,227540.0,2.82865047454834
Guinea,GIN,2019,13442861496.4454,13034346.0,245720.0,22.7037582397461
Guinea,GIN,2018,11857030366.7891,12704774.0,245720.0,6.21000003814697
Guinea,GIN,2016,8595955222.49719,12073030.0,245720.0,7.1741099357605
Guinea,GIN,2014,8778473372.82124,11472924.0,245720.0,4.42999982833862
Guinea,GIN,2010,6853467145.53089,10396086.0,245720.0,2.80999994277954
Guinea,GIN,1996,5641243099.76661,7770035.0,245720.0,2.11999988555908
"Gambia, The",GMB,2020,1812170891.19069,2515733.0,10120.0,1.88328003883362
"Gambia, The",GMB,2018,1670671327.81651,2399632.0,10120.0,1.39770996570587
"Gambia, The",GMB,2015,1378176608.93204,2224529.0,10120.0,2.04999995231628
Guinea-Bissau,GNB,2022,1839048747.87671,2105529.0,28120.0,2.70413637161255
Guinea-Bissau,GNB,2019,1588767975.59018,1967696.0,28120.0,2.20896172523499
Guinea-Bissau,GNB,2018,1554133593.91699,1922168.0,28120.0,0.0
Greece,GRC,2022,218880566444.349,10436882.0,128900.0,28.9304580688477
Greece,GRC,2021,218303801895.326,10569207.0,128900.0,28.1758575439453
Greece,GRC,2020,191362985554.861,10698599.0,128900.0,26.0400009155273
Greece,GRC,2019,207305649887.019,10721582.0,128900.0,24.4034461975098
Greece,GRC,2018,213298873494.394,10732882.0,128900.0,24.1726455688477
Greece,GRC,2017,200381103984.298,10754679.0,128900.0,23.5572547912598
Greece,GRC,2016,193097239005.87,10775971.0,128900.0,20.1399993896484
Greece,GRC,2015,194567373678.099,10820883.0,128900.0,22.9300003051758
Greece,GRC,2014,233911581521.062,10892413.0,128900.0,22.1900005340576
Grenada,GRD,2020,1043411111.11111,116341.0,340.0,6.11760234832764
Grenada,GRD,2019,1213485185.18519,115981.0,340.0,5.98692035675049
Grenada,GRD,2018,1166514814.81481,115691.0,340.0,5.19569635391235
Guatemala,GTM,2022,95641441234.943,17847877.0,107160.0,5.68784999847412
Guatemala,GTM,2019,77172317258.6478,17103803.0,107160.0,4.32000017166138
Guatemala,GTM,2015,62186064757.9334,15971743.0,107160.0,3.78042006492615
Guatemala,GTM,2014,57852152955.039,15681725.0,107160.0,6.8899998664856
Guatemala,GTM,2013,52996446180.3474,15387337.0,107160.0,2.36999988555908
Guatemala,GTM,2012,49593929487.1263,15089647.0,107160.0,1.94000005722046
Guyana,GUY,2019,5173760191.84652,807665.0,196850.0,4.46917009353638
Guyana,GUY,2018,4787636997.85343,791556.0,196850.0,3.04261779785156
Honduras,HND,2019,24882225741.8119,9943633.0,111890.0,9.63000011444092
Honduras,HND,2018,24067750760.499,9765210.0,111890.0,9.57999992370605
Honduras,HND,2017,23136247990.5977,9588137.0,111890.0,5.9344277381897
Honduras,HND,2016,21717604952.1835,9412380.0,111890.0,10.5
Honduras,HND,2015,20979791685.416,9237305.0,111890.0,9.35000038146973
Honduras,HND,2014,19756533971.8698,9063122.0,111890.0,6.26999998092651
Honduras,HND,2013,18499729214.904,8889278.0,111890.0,4.92402744293213
Honduras,HND,2012,18528554397.5695,8715076.0,111890.0,4.25
Honduras,HND,2011,17710275685.4074,8540583.0,111890.0,5.11999988555908
Honduras,HND,2010,15839344591.9842,8365878.0,111890.0,4.53402042388916
Honduras,HND,2007,12361257680.5627,7834798.0,111890.0,4.23000001907349
Croatia,HRV,2022,71198635101.9514,3855641.0,55960.0,19.0439777374268
Croatia,HRV,2021,69006802298.6956,3878981.0,55960.0,18.9514045715332
Croatia,HRV,2020,57963370885.0798,3914206.0,55960.0,18.9136714935303
Croatia,HRV,2019,61467582193.6824,3949390.0,55964.0,18.0067329406738
Croatia,HRV,2018,61668130122.5878,3988775.0,55964.0,18.0253562927246
Croatia,HRV,2017,56186190437.9959,4041407.0,55964.0,16.9888916015625
Croatia,HRV,2016,52654855638.1057,4106867.0,55964.0,16.0571804046631
Croatia,HRV,2015,51005200669.6941,4151725.0,55964.0,15.3868761062622
Croatia,HRV,2014,59612144078.4133,4201598.0,55964.0,14.2597093582153
Croatia,HRV,2013,59852401272.3204,4233922.0,55964.0,0.312971711158752
Croatia,HRV,2012,57551963753.2104,4260368.0,55964.0,0.292419701814651
Croatia,HRV,2011,62903737379.7834,4280622.0,55964.0,0.22661991417408
Croatia,HRV,2010,58981738868.753,4295427.0,55964.0,0.243718653917313
Haiti,HTI,2017,15093357161.1498,10817754.0,27560.0,4.53101015090942
Haiti,HTI,2012,13708925477.1304,10069771.0,27560.0,5.22609615325928
Hungary,HUN,2022,177536698164.902,9605074.0,91260.0,26.128345489502
Hungary,HUN,2021,183282685440.486,9630932.0,91260.0,25.8177375793457
Hungary,HUN,2020,158468487754.196,9670419.0,91260.0,24.0799999237061
Hungary,HUN,2019,164936682033.992,9694824.0,91260.0,22.5712108612061
Hungary,HUN,2018,161184691013.835,9706964.0,91260.0,21.7858905792236
Hungary,HUN,2017,143335098991.862,9726756.0,91260.0,20.772331237793
Hungary,HUN,2016,128983560865.293,9759755.0,91260.0,20.4099998474121
Hungary,HUN,2015,125244126623.289,9797755.0,91260.0,20.6700000762939
Hungary,HUN,2014,141128696412.321,9833038.0,91260.0,19.8999996185303
Hungary,HUN,2013,135646053778.582,9872734.0,90530.0,19.4300003051758
Indonesia,IDN,2022,1319101183380.15,278830529.0,1892555.47,9.48062133789062
Indonesia,IDN,2021,1186509691086.73,276758053.0,1892555.47,9.48564147949219
Indonesia,IDN,2020,1059054842698.48,274814866.0,1877519.0,10.5200004577637
Indonesia,IDN,2019,1119099871350.2,272489381.0,1877519.0,8.78998947143555
Indonesia,IDN,2018,1042271532988.63,269951846.0,1877519.0,9.36999988555908
Indonesia,IDN,2017,1015618744159.73,267346658.0,1877519.0,8.23369979858398
Indonesia,IDN,2016,931877364037.698,264627418.0,1877519.0,8.78999996185303
Indonesia,IDN,2015,860854232686.214,261799249.0,1877519.0,8.47999954223633
Indonesia,IDN,2014,890814755533.537,258877399.0,1877519.0,7.96999979019165
Indonesia,IDN,2013,912524136718.018,255852467.0,1877519.0,6.18710374832153
Indonesia,IDN,2012,917869913332.649,252698525.0,1877519.0,5.77638053894043
Indonesia,IDN,2011,892969104563.171,249470032.0,1877519.0,4.85179901123047
India,IND,2022,3346107287730.93,1425423212.0,2973190.0,12.1400003433228
India,IND,2020,2674851578587.27,1402617695.0,2973190.0,12.2200002670288
India,IND,2019,2835606256558.19,1389030312.0,2973190.0,12.0160398483276
India,IND,2018,2702929641648.74,1374659064.0,2973190.0,10.7799997329712
India,IND,2016,2294796885663.16,1343944296.0,2973190.0,10.1431703567505
India,IND,2011,1823051829894.55,1261224954.0,2973190.0,9.14000034332275
Ireland,IRL,2022,548570250341.987,5212836.0,68890.0,37.2724380493164
Ireland,IRL,2021,531306516907.984,5110585.0,68890.0,37.7408866882324
Ireland,IRL,2020,436555518400.451,5039747.0,68890.0,36.9319190979004
Ireland,IRL,2019,407124824064.995,4976456.0,68890.0,35.1964340209961
Ireland,IRL,2018,395461216460.418,4898022.0,68890.0,34.9246406555176
Ireland,IRL,2017,348532394023.595,4827445.0,68890.0,31.1599998474121
Ireland,IRL,2016,305733136180.907,4762722.0,68890.0,31.5917129516602
Ireland,IRL,2015,302391428540.035,4701957.0,68890.0,31.0062866210938
Ireland,IRL,2014,266787238499.03,4657740.0,68890.0,30.8738174438477
Ireland,IRL,2013,243301556084.989,4623816.0,68890.0,0.755869567394257
Ireland,IRL,2012,227270922957.327,4599533.0,68890.0,0.729755938053131
Ireland,IRL,2011,241337364609.738,4580084.0,68890.0,26.8400001525879
Ireland,IRL,2010,221985621537.5,4560155.0,68890.0,33.1199989318848
Ireland,IRL,2007,270079279419.5,4398942.0,68890.0,33.810001373291
"Iran, Islamic Rep.",IRN,2022,394362621793.035,89524246.0,1622500.0,18.2504196166992
"Iran, Islamic Rep.",IRN,2021,383436202446.695,88455488.0,1622500.0,17.7855739593506
"Iran, Islamic Rep.",IRN,2020,262186179355.944,87723443.0,1622500.0,17.3704242706299
"Iran, Islamic Rep.",IRN,2019,333519146339.191,87051648.0,1622500.0,17.3763217926025
"Iran, Islamic Rep.",IRN,2018,398880231367.268,86117998.0,1622500.0,16.8688163757324
"Iran, Islamic Rep.",IRN,2017,489168731811.147,85026754.0,1622500.0,0.0
"Iran, Islamic Rep.",IRN,2016,459042684192.698,83812228.0,1628760.0,18.1800003051758
"Iran, Islamic Rep.",IRN,2015,409191686496.677,82619362.0,1628760.0,3.10728645324707
"Iran, Islamic Rep.",IRN,2014,462284793280.825,81502045.0,1628760.0,16.8700008392334
"Iran, Islamic Rep.",IRN,2013,500399839839.877,80414686.0,1628760.0,16.3199996948242
"Iran, Islamic Rep.",IRN,2012,644019315003.54,79370580.0,1628760.0,14.8100004196167
"Iran, Islamic Rep.",IRN,2011,629082257472.368,78383598.0,1628760.0,3.92986464500427
"Iran, Islamic Rep.",IRN,2010,487069570461.36,77420842.0,1628760.0,4.23527669906616
Iraq,IRQ,2021,209691945713.103,43071211.0,434128.0,10.9389886856079
Iraq,IRQ,2018,227367469034.031,40265624.0,434128.0,10.4068899154663
Iraq,IRQ,2012,218002476129.472,33654842.0,434320.0,7.64207410812378
Iceland,ISL,2022,28696453180.1657,382003.0,100830.0,34.2301330566406
Iceland,ISL,2021,25770339317.3897,372520.0,100830.0,34.156925201416
Iceland,ISL,2020,21629953194.0659,366463.0,100830.0,36.6199989318848
Iceland,ISL,2019,24681343649.2952,360563.0,100830.0,36.1399993896484
Iceland,ISL,2018,26260850582.0687,352721.0,100830.0,38.9894828796387
Iceland,ISL,2017,24728285177.4603,343400.0,100250.0,36.9775695800781
Iceland,ISL,2016,20793168030.9524,335439.0,100250.0,34.9200897216797
Iceland,ISL,2015,17517210519.0912,330815.0,100250.0,32.3081283569336
Iceland,ISL,2014,17867662177.8911,327386.0,100250.0,31.3127212524414
Iceland,ISL,2013,16125060515.3117,323764.0,100250.0,1.12614071369171
Iceland,ISL,2012,14751508133.5443,320716.0,100250.0,1.07440972328186
Iceland,ISL,2011,15221622925.9319,319014.0,100250.0,1.00818431377411
Iceland,ISL,2010,13751161917.7398,318041.0,100250.0,0.916753888130188
Israel,ISR,2021,489851549972.347,9371400.0,21640.0,37.2001266479492
Israel,ISR,2020,410768352657.612,9215100.0,21640.0,36.5067901611328
Israel,ISR,2019,400645216358.857,9054000.0,21640.0,36.2310218811035
Israel,ISR,2018,376299083108.497,8882800.0,21640.0,35.7983818054199
Israel,ISR,2017,358451839052.991,8713300.0,21640.0,34.8950538635254
Israel,ISR,2016,321940971558.016,8546000.0,21640.0,33.9819717407227
Israel,ISR,2015,303469434072.296,8380100.0,21640.0,33.2099990844727
Israel,ISR,2014,315017088116.716,8215700.0,21640.0,32.7900009155273
Israel,ISR,2013,298478070673.058,8059500.0,21640.0,31.3899993896484
Israel,ISR,2012,263589172712.391,7910500.0,21640.0,31.2235908508301
Italy,ITA,2022,2104067630319.46,59013667.0,295720.0,16.4901714324951
Italy,ITA,2021,2179207773596.09,59133173.0,295717.0,16.2955207824707
Italy,ITA,2020,1907481094079.23,59438851.0,295717.0,16.5499992370605
Italy,ITA,2019,2019606796583.53,59729081.0,295717.0,16.4097290039062
Italy,ITA,2018,2099435266458.67,60148658.0,295718.0,16.1499462127686
Italy,ITA,2017,1970720904584.71,60002252.0,295718.0,15.5496873855591
Italy,ITA,2016,1887111188176.93,60115223.0,295718.0,14.6699409484863
Italy,ITA,2015,1845428048839.1,60229605.0,295718.0,14.499436378479
Italy,ITA,2014,2173255507985.84,60320707.0,295718.0,13.9848527908325
Italy,ITA,2013,2153225581941.46,60311613.0,295718.0,0.321288794279099
Italy,ITA,2012,2097929495121.68,60191247.0,295718.0,0.304969936609268
Italy,ITA,2011,2306974020278.21,60026841.0,295718.0,0.27179741859436
Italy,ITA,2010,2144936254535.0,59819407.0,295718.0,0.14337445795536
Jamaica,JAM,2022,17097760686.7775,2839144.0,10830.0,10.9498100280762
Jamaica,JAM,2011,14444661522.1463,2760494.0,10830.0,6.80999994277954
Jordan,JOR,2017,41608435915.493,10234226.0,88780.0,20.9268398284912
Japan,JPN,2020,5054068005376.28,126261000.0,364500.0,25.5400009155273
Japan,JPN,2010,5759071769013.11,128070000.0,364500.0,19.9099998474121
Kazakhstan,KAZ,2019,181667184854.501,19209555.0,2699700.0,37.6751594543457
Kazakhstan,KAZ,2018,179339977690.485,18932727.0,2699700.0,34.0800018310547
Kazakhstan,KAZ,2015,184388404706.042,18084169.0,2699700.0,27.8106708526611
Kazakhstan,KAZ,2009,115308686941.38,16619846.0,2699700.0,22.8099994659424
Kazakhstan,KAZ,2007,104849915058.376,16257214.0,2699700.0,25.4799995422363
Kazakhstan,KAZ,1999,16870817181.7799,15455874.0,2699700.0,14.3699998855591
Kenya,KEN,2022,114448978152.637,54252461.0,569140.0,6.09258985519409
Kenya,KEN,2021,109703658904.994,53219166.0,569140.0,5.67963123321533
Kenya,KEN,2020,100657505750.545,52217334.0,569140.0,3.74181008338928
Kenya,KEN,2019,100378436207.371,51202827.0,569140.0,4.80908012390137
Kyrgyz Republic,KGZ,2018,8271106235.41552,6444079.0,191800.0,24.2648506164551
Kyrgyz Republic,KGZ,2017,7702938379.42036,6306696.0,191800.0,0.0
Kyrgyz Republic,KGZ,2016,6813095379.1187,6175338.0,191800.0,0.0
Kyrgyz Republic,KGZ,2015,6678177511.66313,6040036.0,191800.0,0.0
Kyrgyz Republic,KGZ,2014,7468102412.68237,5905848.0,191800.0,0.0
Kyrgyz Republic,KGZ,2009,4690061380.60253,5389643.0,191800.0,16.2000007629395
Cambodia,KHM,2021,36790163687.4421,16974305.0,176520.0,4.56162977218628
Cambodia,KHM,2020,34818073901.4851,16725474.0,176520.0,5.9446907043457
Cambodia,KHM,2019,36685356407.7206,16481304.0,176520.0,0.114589996635914
Cambodia,KHM,2017,29355665909.7905,16073372.0,176520.0,4.92364501953125
Cambodia,KHM,2016,26556545153.3573,15852803.0,176520.0,6.24475765228271
Cambodia,KHM,2015,24174170369.0738,15623251.0,176520.0,5.04369831085205
Cambodia,KHM,2014,22041463967.9009,15396772.0,176520.0,5.22731065750122
Cambodia,KHM,2012,17826536699.8016,14945085.0,176520.0,2.92288279533386
Kiribati,KIR,2020,220897998.732518,126099.0,810.0,1.98977661132812
Kiribati,KIR,2019,216985388.322754,123921.0,810.0,4.06036996841431
Kiribati,KIR,2018,233514717.441266,122084.0,810.0,2.77992010116577
Kiribati,KIR,2015,191559398.688293,116815.0,810.0,1.24421882629395
"Korea, Rep.",KOR,2022,1673916511799.71,51672569.0,97600.0,34.5359725952148
"Korea, Rep.",KOR,2021,1818432106880.04,51769539.0,97600.0,34.2422485351562
"Korea, Rep.",KOR,2020,1644312831906.17,51836239.0,97600.0,33.8704376220703
"Korea, Rep.",KOR,2019,1651422932447.77,51764822.0,97600.0,33.6001853942871
"Korea, Rep.",KOR,2018,1725373496825.43,51585058.0,97520.0,33.0220794677734
"Korea, Rep.",KOR,2017,1623074183501.9,51361911.0,97510.0,32.154483795166
"Korea, Rep.",KOR,2016,1499679823909.61,51217803.0,97489.0,31.7693634033203
"Korea, Rep.",KOR,2015,1466038936206.43,51014947.0,97445.0,28.6800003051758
"Korea, Rep.",KOR,2014,1484488526271.8,50746659.0,97430.0,30.086555480957
"Korea, Rep.",KOR,2013,1370632955321.2,50428893.0,97426.0,28.7843112945557
"Korea, Rep.",KOR,2012,1278046536287.01,50199853.0,97310.0,27.8424549102783
"Korea, Rep.",KOR,2011,1253289537500.81,49936638.0,97190.0,27.39892578125
"Korea, Rep.",KOR,2010,1143672241149.72,49554112.0,97200.0,24.3600006103516
Kuwait,KWT,2018,138646316321.596,4323515.0,17820.0,11.1199998855591
Kuwait,KWT,2017,120687539675.517,4154812.0,17820.0,10.6700000762939
Kuwait,KWT,2015,114585555830.916,3834574.0,17820.0,9.59000015258789
Kuwait,KWT,2013,174168116687.215,3507844.0,17820.0,8.71000003814697
Kuwait,KWT,2012,174047662555.419,3337109.0,17820.0,9.52000045776367
Kuwait,KWT,2008,147379737229.753,2651421.0,17820.0,8.27999973297119
Kuwait,KWT,2007,114634043361.692,2507887.0,17820.0,8.06999969482422
Kuwait,KWT,2006,101557330723.423,2364733.0,17820.0,8.30000019073486
Kuwait,KWT,2005,80798630136.9863,2236788.0,17820.0,8.46000003814697
Lao PDR,LAO,2022,15468785203.7532,7559007.0,230800.0,5.19384670257568
Lao PDR,LAO,2017,17071155481.4994,7018147.0,230800.0,5.15476989746094
Lao PDR,LAO,2010,7131771014.70456,6334194.0,230800.0,4.15012311935425
Lebanon,LBN,2019,51605959131.2741,5794594.0,10230.0,22.1418571472168
Lebanon,LBN,2018,54901519155.5556,5984119.0,10230.0,33.2799987792969
Liberia,LBR,2019,3319596500.0,5043721.0,96320.0,5.0644998550415
Liberia,LBR,2017,3390703400.0,4848925.0,96320.0,3.39418649673462
Liberia,LBR,2016,3398419600.0,4755608.0,96320.0,3.66464829444885
Liberia,LBR,2014,3225652000.0,4564293.0,96320.0,5.47951793670654
Liberia,LBR,2010,1998000000.0,4058890.0,96320.0,3.01420068740845
Sri Lanka,LKA,2022,74143020262.8076,22181000.0,61860.0,0.911603033542633
Sri Lanka,LKA,2021,88556698937.7033,22156000.0,61860.0,0.75661712884903
Sri Lanka,LKA,2020,84335574581.5072,21919000.0,61860.0,0.692696988582611
Sri Lanka,LKA,2019,88998706296.5783,21803000.0,61864.47,0.746383011341095
Sri Lanka,LKA,2018,94450015982.8405,21670000.0,61864.0,0.684106409549713
Sri Lanka,LKA,2017,94369350285.5814,21453000.0,61893.0,0.665928065776825
Sri Lanka,LKA,2016,88000211171.5956,21209000.0,61893.0,0.797130823135376
Sri Lanka,LKA,2015,85090301052.0465,20970000.0,61893.0,0.851821422576904
Sri Lanka,LKA,2014,82528535713.926,20778000.0,62710.0,0.665698349475861
Sri Lanka,LKA,2013,77000578167.353,20585000.0,62710.0,0.791153967380524
Sri Lanka,LKA,2011,67753284043.9282,21009048.0,62710.0,0.471192836761475
Sri Lanka,LKA,2010,58636161081.712,20879089.0,62710.0,0.457679927349091
Sri Lanka,LKA,2009,42066224093.0065,20756435.0,62710.0,14.1099996566772
Sri Lanka,LKA,2008,40713826215.0093,20629378.0,62710.0,13.8800001144409
Sri Lanka,LKA,2001,15749753804.8344,19600362.0,62710.0,13.6999998092651
Lesotho,LSO,2019,2390702295.82777,2209405.0,30360.0,5.61074018478394
Lesotho,LSO,2018,2556247291.99785,2183603.0,30360.0,3.93763995170593
Lithuania,LTU,2022,71033884499.7824,2831639.0,62604.0,41.4149131774902
Lithuania,LTU,2021,67037321008.9679,2808380.0,62610.0,40.1166534423828
Lithuania,LTU,2020,57412038533.2718,2810369.0,62620.0,38.0999984741211
Lithuania,LTU,2019,55122066225.796,2811089.0,62620.0,37.3273239135742
Lithuania,LTU,2018,54261795148.5372,2819200.0,62630.0,35.9517211914062
Lithuania,LTU,2017,47756764508.446,2842639.0,62641.0,34.5400009155273
Lithuania,LTU,2016,42970749245.0336,2877325.0,62642.0,33.939998626709
Lithuania,LTU,2015,41540954817.2039,2911109.0,62650.0,33.0999984741211
Lithuania,LTU,2014,48306546656.9281,2937253.0,62650.0,31.5
Lithuania,LTU,2013,46303660422.0434,2961250.0,62675.0,26.3899993896484
Lithuania,LTU,2012,42709372066.8627,2989139.0,62674.0,0.450368642807007
Lithuania,LTU,2011,43186501862.7907,3028115.0,62674.0,0.442148119211197
Lithuania,LTU,2010,36638128534.0643,3097282.0,62675.0,0.391175270080566
Luxembourg,LUX,2022,80801680397.0139,653103.0,2574.46,42.3309173583984
Luxembourg,LUX,2021,86386759695.1653,640064.0,2574.46,41.7206802368164
Luxembourg,LUX,2020,73670782100.3909,630419.0,2574.46,38.1812858581543
Luxembourg,LUX,2019,69872035113.6469,620001.0,2574.46,37.9993743896484
Luxembourg,LUX,2018,71085623495.1145,607950.0,2574.46,35.6957473754883
Luxembourg,LUX,2017,65712180342.9836,596336.0,2574.46,32.731559753418
Luxembourg,LUX,2016,62216885435.9488,582014.0,2574.46,34.5298538208008
Luxembourg,LUX,2015,60071584216.1375,569604.0,2574.46,30.5501194000244
Luxembourg,LUX,2014,68804811897.6445,556319.0,2574.46,32.6653518676758
Luxembourg,LUX,2013,65203276466.9763,543360.0,2574.46,1.59169471263885
Luxembourg,LUX,2012,59776383527.3602,530946.0,2574.46,1.37520492076874
Luxembourg,LUX,2011,61696281326.2453,518347.0,2574.46,1.40041589736938
Luxembourg,LUX,2010,56213985987.4168,506953.0,2574.46,2.26092457771301
Latvia,LVA,2022,38014713595.7686,1879383.0,62230.0,31.9501533508301
Latvia,LVA,2021,38183326784.9335,1884490.0,62230.0,31.4416408538818
Latvia,LVA,2020,33379927434.6149,1900449.0,62230.0,32.7584533691406
Latvia,LVA,2019,33099503950.847,1913822.0,62227.0,30.9400005340576
Latvia,LVA,2018,33247935477.3576,1927174.0,62227.0,30.0300006866455
Latvia,LVA,2017,29391059767.4259,1942248.0,62227.0,29.2247142791748
Latvia,LVA,2016,27117105059.5075,1959537.0,62227.0,29.1100006103516
Latvia,LVA,2015,26344565876.8902,1977527.0,62227.0,27.7000007629395
Latvia,LVA,2014,30277203767.4058,1993782.0,62227.0,26.6299991607666
Latvia,LVA,2013,29152128167.8438,2012647.0,62227.0,27.6900005340576
Latvia,LVA,2012,27116149948.6683,2034319.0,62227.0,0.405498027801514
Latvia,LVA,2011,26575547900.8247,2059709.0,62227.0,0.344332575798035
Latvia,LVA,2010,23468324572.3343,2097555.0,62227.0,0.276932179927826
"Macao SAR, China",MAC,2014,54902831793.5018,621700.0,30.3,33.0235557556152
Monaco,MCO,2016,6471290793.55029,37276.0,2.027,44.1762580871582
Moldova,MDA,2022,14525337523.7271,2528654.0,32890.0,20.3899993896484
Moldova,MDA,2021,13691869264.0794,2595809.0,32970.0,20.4300003051758
Moldova,MDA,2020,11530746234.4492,2635130.0,32884.6,20.1900005340576
Moldova,MDA,2019,11736797054.6965,2664224.0,32885.9,20.0499992370605
Moldova,MDA,2018,11252353420.8798,2707203.0,32885.3,20.1200008392334
Moldova,MDA,2017,9514404016.20949,2755189.0,32890.0,18.9358177185059
Moldova,MDA,2016,7980917075.7748,2803186.0,32880.0,18.8268280029297
Moldova,MDA,2015,7797667196.73087,2835978.0,32880.0,19.3700008392334
Moldova,MDA,2014,9402090137.7423,2857815.0,32880.0,20.0900001525879
Moldova,MDA,2013,9496717875.51932,2859558.0,32880.0,19.0400009155273
Moldova,MDA,2012,8709138634.82921,2860324.0,32860.0,18.8600006103516
Moldova,MDA,2011,8414352020.49442,2860699.0,32850.0,17.8700008392334
Moldova,MDA,2010,6974982369.60155,2862354.0,32850.0,16.9699993133545
Moldova,MDA,2009,5439434271.78807,2865213.0,32890.0,16.2700004577637
Moldova,MDA,2008,6054824248.24221,2868833.0,32890.0,15.6199998855591
Moldova,MDA,2007,4401173151.93767,2874299.0,32890.0,15.0900001525879
Madagascar,MDG,2021,14354731964.331,29691083.0,581800.0,2.92739009857178
Madagascar,MDG,2018,13760033282.2925,27494926.0,581800.0,2.75999999046326
Madagascar,MDG,2015,11323020701.3017,25426702.0,581800.0,2.6768274307251
Maldives,MDV,2019,5726094799.37709,487731.0,300.0,10.9565267562866
Maldives,MDV,2017,4816426256.52914,458287.0,300.0,6.35904979705811
Maldives,MDV,2016,4409942623.85538,443308.0,300.0,8.53483390808105
Maldives,MDV,2014,3697353039.20043,413617.0,300.0,1.41427206993103
Mexico,MEX,2020,1121064767401.51,126799054.0,1943950.0,17.1299991607666
Mexico,MEX,2018,1256300182775.8,124573711.0,1943950.0,16.0200004577637
Mexico,MEX,2017,1190721475906.0,123400057.0,1943950.0,15.3699998855591
Mexico,MEX,2016,1112233497452.7,122251351.0,1943950.0,14.710000038147
Mexico,MEX,2015,1213294467779.98,121072306.0,1943950.0,14.7799997329712
Mexico,MEX,2014,1364507717764.6,119784261.0,1943950.0,13.960000038147
Mexico,MEX,2013,1327436290439.27,118343573.0,1943950.0,14.3199996948242
Mexico,MEX,2010,1105424238572.81,113623895.0,1943950.0,12.7600002288818
Marshall Islands,MHL,2021,258900000.0,41367.0,180.0,4.18941640853882
Marshall Islands,MHL,2019,232900000.0,44007.0,180.0,6.20028162002563
Marshall Islands,MHL,2011,172300000.0,51907.0,180.0,3.66000008583069
North Macedonia,MKD,2022,13932436550.0883,1831712.0,25220.0,19.8216209411621
North Macedonia,MKD,2021,14000283827.0154,1837114.0,25220.0,19.3952503204346
North Macedonia,MKD,2020,12361036913.8409,1856124.0,25220.0,21.6800003051758
North Macedonia,MKD,2019,12606338448.547,1876262.0,25220.0,17.53786277771
North Macedonia,MKD,2018,12683068114.2388,1889051.0,25220.0,21.1261196136475
North Macedonia,MKD,2017,11307067069.6658,1898657.0,25220.0,17.2211837768555
North Macedonia,MKD,2016,10672467073.2873,1906313.0,25220.0,17.0363025665283
North Macedonia,MKD,2015,10064519962.5655,1912430.0,25220.0,15.2407369613647
North Macedonia,MKD,2014,11362265252.778,1917557.0,25220.0,14.1362257003784
North Macedonia,MKD,2013,10817702346.0674,1922716.0,25220.0,13.2775440216064
North Macedonia,MKD,2012,9745261300.57788,1929821.0,25220.0,14.2136545181274
North Macedonia,MKD,2011,10494626767.6445,1937398.0,25220.0,13.6029100418091
North Macedonia,MKD,2010,9407170321.37752,1946298.0,25220.0,11.5935745239258
Mali,MLI,2022,22374051349.9445,23072640.0,1220190.0,3.81480407714844
Mali,MLI,2020,20698560938.7775,21713836.0,1220190.0,1.55999994277954
Mali,MLI,2019,20477421884.5414,21068405.0,1220190.0,3.09232997894287
Mali,MLI,2018,20368015381.2413,20442030.0,1220190.0,3.12717008590698
Mali,MLI,2017,18308362040.0521,19813011.0,1220190.0,1.63739514350891
Mali,MLI,2016,16743796799.8329,19191289.0,1220190.0,1.54111206531525
Mali,MLI,2015,15583181170.4105,18593022.0,1220190.0,2.65171003341675
Malta,MLT,2022,19239187083.5194,531113.0,320.0,22.6174163818359
Malta,MLT,2021,19723563354.6779,518150.0,320.0,22.5654582977295
Malta,MLT,2020,16409900599.1964,515490.0,320.0,21.8400001525879
Malta,MLT,2019,16337793530.7788,503912.0,320.0,20.4621734619141
Malta,MLT,2018,16153779511.1559,483903.0,320.0,18.4200000762939
Malta,MLT,2017,14161366732.7153,467106.0,320.0,16.7203636169434
Malta,MLT,2016,12025782885.2772,454505.0,320.0,13.4899997711182
Malta,MLT,2015,11340795032.9304,444220.0,320.0,13.2799997329712
Malta,MLT,2014,11888032861.804,433481.0,320.0,13.460000038147
Malta,MLT,2013,10796782633.5257,424810.0,320.0,13.0900001525879
Myanmar,MMR,2020,79006113643.1906,53016522.0,652670.0,12.3559694290161
Myanmar,MMR,2019,75065106227.6892,52640713.0,652700.0,9.35000038146973
Myanmar,MMR,2018,67860515989.517,52272247.0,652700.0,7.42544794082642
Myanmar,MMR,2017,66053040483.0016,51894938.0,652750.0,6.76923608779907
Montenegro,MNE,2022,6229801580.79157,623591.0,13450.0,61.090518951416
Montenegro,MNE,2021,5861427505.12493,625053.0,13450.0,59.2587928771973
Montenegro,MNE,2020,4769996866.00758,626590.0,13450.0,19.5769786834717
Montenegro,MNE,2019,5542054181.12616,626753.0,13450.0,19.7658882141113
Montenegro,MNE,2018,5506942238.35668,626438.0,13450.0,21.4508209228516
Montenegro,MNE,2017,4856599480.79882,625982.0,13450.0,19.3194942474365
Montenegro,MNE,2016,4376930578.32395,625353.0,13450.0,19.2003726959229
Montenegro,MNE,2015,4054730077.57718,624651.0,13450.0,16.9737663269043
Montenegro,MNE,2014,4593853290.963,623744.0,13450.0,16.2787475585938
Mongolia,MNG,2022,17146471713.748,3433748.0,1557506.789,31.6441268920898
Mongolia,MNG,2021,15286441737.6686,3383741.0,1557507.0,32.8566627502441
Mongolia,MNG,2020,13312981429.0891,3327204.0,1557506.803,32.5999984741211
Mongolia,MNG,2019,14206359017.5143,3267673.0,1557258.0,31.90478515625
Mongolia,MNG,2018,13178094720.4986,3208189.0,1557255.0,29.282169342041
Mongolia,MNG,2017,11480847740.736,3148917.0,1557255.4,29.9934101104736
Mongolia,MNG,2016,11181350649.3573,3088856.0,1557255.4,29.1731624603271
Mongolia,MNG,2015,11619892590.6941,3026864.0,1557255.4,29.1100387573242
Mongolia,MNG,2014,12226514668.0622,2963113.0,1557252.921,26.716423034668
Mongolia,MNG,2013,12582122604.2577,2899011.0,1557253.053,26.5189304351807
Mongolia,MNG,2010,7189481998.90094,2738622.0,1557292.418,23.7099990844727
Mongolia,MNG,2000,1136896123.61298,2388299.0,1547438.742,12.2299995422363
Mozambique,MOZ,2022,18883528581.3734,32656246.0,786380.0,3.0377299785614
Mozambique,MOZ,2020,14235420174.1884,30783688.0,786380.0,3.3199999332428
Mozambique,MOZ,2017,13264640645.7768,28166393.0,786380.0,1.83000004291534
Mozambique,MOZ,2015,16208985769.615,26547572.0,786380.0,2.49363803863525
Mauritania,MRT,2019,7894764885.82312,4467708.0,1030700.0,2.92197418212891
Mauritania,MRT,2017,6800135898.28827,4210600.0,1030700.0,4.71308898925781
Mauritania,MRT,2015,6166863896.68677,3965959.0,1030700.0,5.16966009140015
Mauritania,MRT,2013,7223071097.08417,3734318.0,1030700.0,2.53999996185303
Mauritania,MRT,2012,6728208836.22143,3619034.0,1030700.0,4.30885934829712
Mauritius,MUS,2021,11484348857.8529,1266334.0,1997.0,0.0
Mauritius,MUS,2020,11408106446.3144,1266014.0,1997.0,11.9311513900757
Mauritius,MUS,2019,14436346979.6355,1265985.0,1997.0,9.4877872467041
Mauritius,MUS,2018,14735695930.9727,1265577.0,1997.0,9.33039283752441
Mauritius,MUS,2017,13713506130.6081,1264887.0,1997.0,8.26654052734375
Mauritius,MUS,2016,12594155464.4136,1263747.0,1997.0,7.71900320053101
Mauritius,MUS,2015,12007291045.6489,1262879.0,1997.0,8.40093040466309
Mauritius,MUS,2014,13074129952.0532,1261208.0,1997.0,7.66235017776489
Mauritius,MUS,2013,12292974141.4044,1258927.0,1997.0,7.03904581069946
Mauritius,MUS,2012,11668696396.7887,1255882.0,1997.0,6.42994022369385
Malawi,MWI,2020,11769313597.8545,19533888.0,94280.0,1.32095003128052
Malawi,MWI,2017,8943543793.5839,18039715.0,94280.0,0.872150123119354
Malawi,MWI,2015,9219474379.31534,17085587.0,94280.0,1.37791001796722
Malawi,MWI,2011,11648142958.3651,15265022.0,94280.0,0.781154036521912
Malaysia,MYS,2022,407605841348.235,34695493.0,328550.0,14.5600004196167
Malaysia,MYS,2021,373784823672.946,34282399.0,328550.0,16.4668369293213
Malaysia,MYS,2020,337456163961.211,33889558.0,328550.0,14.0993814468384
Malaysia,MYS,2019,365177721021.516,33440596.0,328550.0,12.3900003433228
Malaysia,MYS,2018,358788845712.53,32910967.0,328550.0,13.2122898101807
Malaysia,MYS,2017,319109094160.343,32355644.0,328550.0,13.0671644210815
Malaysia,MYS,2016,301256033870.334,31789685.0,328550.0,11.3100004196167
Namibia,NAM,2016,10722018732.0936,2439213.0,823290.0,9.27557563781738
Namibia,NAM,2014,12435430969.6301,2312139.0,823290.0,5.68375635147095
Namibia,NAM,2013,12043307277.1235,2252508.0,823290.0,6.06335973739624
Namibia,NAM,2012,13042053591.6857,2194654.0,823290.0,5.54650402069092
New Caledonia,NCL,2022,9623318718.31459,287123.0,18280.0,19.5735034942627
New Caledonia,NCL,2019,9475655324.59495,283606.0,18280.0,15.1886596679688
New Caledonia,NCL,2014,10635035594.7528,281224.0,18280.0,0.0
Niger,NER,2022,15433852714.4935,25311973.0,1266700.0,1.14498543739319
Niger,NER,2019,12889555561.2299,22947757.0,1266700.0,1.09039509296417
Niger,NER,2018,12837307496.8821,22188069.0,1266700.0,0.941160023212433
Niger,NER,2017,11185104251.6943,21435446.0,1266700.0,1.16503775119781
Niger,NER,2014,10862943543.5419,19215909.0,1266700.0,1.1348649263382
Niger,NER,2012,9426912647.59111,17836769.0,1266700.0,1.01999998092651
Niger,NER,2011,8772950777.79176,17176283.0,1266700.0,1.37539529800415
Nigeria,NGA,2022,477403400101.174,223150896.0,910770.0,3.47727274894714
Nigeria,NGA,2021,440833635873.827,218529286.0,910770.0,10.9653997421265
Nigeria,NGA,2019,474517490844.461,209485641.0,910770.0,6.57126998901367
Nigeria,NGA,2018,421739251509.08,204938755.0,910770.0,8.14807987213135
Nigeria,NGA,2016,404649125252.16,195443700.0,910770.0,5.93782997131348
Nigeria,NGA,2006,238454997161.48,149077334.0,910770.0,9.03999996185303
Nicaragua,NIC,2021,14209020361.8508,6644741.0,120340.0,20.2939605712891
Netherlands,NLD,2022,1046540797548.64,17700982.0,33670.0,36.6276969909668
Netherlands,NLD,2021,1054472123449.6,17533044.0,33670.0,35.5119667053223
Netherlands,NLD,2020,932560861701.17,17441500.0,33670.0,34.7700004577637
Netherlands,NLD,2019,928903005576.469,17344874.0,33670.0,32.7396507263184
Netherlands,NLD,2018,929733599796.862,17231624.0,33670.0,31.0900001525879
Netherlands,NLD,2017,848233537845.884,17131296.0,33670.0,30.2854919433594
Netherlands,NLD,2016,797163949289.885,17030314.0,33670.0,29.4099998474121
Netherlands,NLD,2015,775743675302.734,16939923.0,33670.0,28.8700008392334
Netherlands,NLD,2014,901556501756.467,16865008.0,33690.0,28.0100002288818
Netherlands,NLD,2013,883951539006.669,16804432.0,33690.0,27.2199993133545
Netherlands,NLD,2012,845689017065.625,16754962.0,33720.0,0.468291640281677
Netherlands,NLD,2011,913140741332.687,16693074.0,33720.0,0.48456221818924
Netherlands,NLD,2010,852464982433.335,16615394.0,33730.0,0.597920954227448
Norway,NOR,2022,596297651035.798,5457127.0,364270.0,31.1733207702637
Norway,NOR,2021,503367986030.268,5408320.0,364270.0,30.4537925720215
Norway,NOR,2020,367633418886.627,5379475.0,364285.0,32.1195335388184
Norway,NOR,2019,408742840909.091,5347896.0,365094.0,29.2900009155273
Norway,NOR,2018,439788625883.8,5311916.0,365108.0,30.0355529785156
Norway,NOR,2017,401745275035.261,5276968.0,365123.0,28.0699996948242
Norway,NOR,2016,370956547619.048,5234519.0,365145.73,27.3299999237061
Norway,NOR,2015,388159512245.53,5188607.0,365190.7,26.6499996185303
Norway,NOR,2014,501736471832.848,5137232.0,365108.0,25.7299995422363
Norway,NOR,2013,526014468085.106,5079623.0,365122.96,0.651003360748291
Norway,NOR,2012,512777309840.997,5018573.0,365244.0,0.607396066188812
Norway,NOR,2011,501360549669.404,4953088.0,365244.0,0.680939614772797
Norway,NOR,2010,431052143940.438,4889252.0,365244.0,0.693232774734497
Nepal,NPL,2017,28971588940.364,28011258.0,143350.0,5.81882381439209
Nepal,NPL,2011,21573872420.7008,27464494.0,143350.0,4.55999994277954
Nauru,NRU,2021,175513984.500084,11709.0,20.0,1.56774914264679
New Zealand,NZL,2020,213029554653.687,5090200.0,263310.0,32.2799987792969
New Zealand,NZL,2019,213006341101.869,4979200.0,263310.0,31.6728115081787
New Zealand,NZL,2018,211985631173.205,4900600.0,263310.0,31.2374534606934
New Zealand,NZL,2017,206745969246.073,4813600.0,263310.0,29.7358131408691
New Zealand,NZL,2016,189100085275.23,4714100.0,263310.0,28.1000003814697
New Zealand,NZL,2015,178224167087.99,4609400.0,263310.0,25.8600006103516
New Zealand,NZL,2014,201518402787.38,4516500.0,263310.0,26.1499996185303
Oman,OMN,2022,109852795838.752,4730226.0,309500.0,19.1100006103516
Oman,OMN,2021,87323797139.1417,4500424.0,309500.0,13.9395332336426
Oman,OMN,2020,75909492847.8544,4522497.0,309500.0,17.1000003814697
Oman,OMN,2019,88060858257.4772,4591241.0,309500.0,5.81015777587891
Oman,OMN,2018,91505851755.5267,4597877.0,309500.0,5.81011772155762
Oman,OMN,2017,80856697009.1027,4537396.0,309500.0,5.8101372718811
Oman,OMN,2015,78710793237.9714,4184895.0,309500.0,12.460000038147
Oman,OMN,2010,64993498049.4148,2757446.0,309500.0,12.3199996948242
Pakistan,PAK,2021,348516647445.148,239477801.0,770880.0,8.62528419494629
Pakistan,PAK,2019,320909472770.669,230800899.0,770880.0,4.15000009536743
Pakistan,PAK,2018,356128166704.921,226928892.0,770880.0,3.17000007629395
Pakistan,PAK,2017,339205534861.1,223273967.0,770880.0,8.64999961853027
Pakistan,PAK,2016,313630000130.435,220138869.0,770880.0,16.1812782287598
Pakistan,PAK,2015,299963590534.773,217290883.0,770880.0,8.06536197662354
Pakistan,PAK,2014,271390474857.632,214264647.0,770880.0,8.75
Pakistan,PAK,2013,258657231672.412,211073978.0,770880.0,7.98999977111816
Pakistan,PAK,2012,250106966104.704,207667125.0,770880.0,7.53999996185303
Pakistan,PAK,2011,230586581059.665,203746065.0,770880.0,7.40000009536743
Pakistan,PAK,2010,196709621849.586,199239047.0,770880.0,6.96999979019165
Pakistan,PAK,2009,187337783856.466,194376534.0,770880.0,6.67000007629395
Pakistan,PAK,2008,202203748583.854,189499113.0,770880.0,6.07000017166138
Pakistan,PAK,2006,161871385506.36,179682690.0,770880.0,6.30000019073486
Pakistan,PAK,2005,145208562960.767,175453212.0,770880.0,3.92000007629395
Panama,PAN,2022,76276116700.0,4400773.0,74180.0,16.2066173553467
Panama,PAN,2019,69778991200.0,4234700.0,74180.0,19.6299991607666
Panama,PAN,2010,30231009500.0,3628535.0,74340.0,16.0900001525879
Philippines,PHL,2022,404353369604.631,113964338.0,298170.0,18.075719833374
Philippines,PHL,2021,394087359848.11,113100950.0,298170.0,21.7091598510742
Philippines,PHL,2020,361751145451.597,112081264.0,298170.0,20.3400001525879
Philippines,PHL,2019,376823402239.136,110804683.0,298170.0,24.4099998474121
Philippines,PHL,2017,328480736802.76,108119693.0,298170.0,16.0200004577637
Philippines,PHL,2013,283902828588.718,102076336.0,298170.0,17.0
Philippines,PHL,2010,208368893151.144,96337125.0,298170.0,16.4300003051758
Palau,PLW,2020,258990800.0,17792.0,460.0,14.6928749084473
Palau,PLW,2014,243156500.0,17715.0,460.0,19.82204246521
Papua New Guinea,PNG,2022,31653185952.609,10203169.0,452860.0,3.13966274261475
Papua New Guinea,PNG,2018,24109780708.0268,9394513.0,452860.0,2.15040993690491
Poland,POL,2022,695607522884.822,36821749.0,306090.0,28.645357131958
Poland,POL,2021,689170171187.004,36981559.0,306100.0,28.2374706268311
Poland,POL,2020,605914186117.953,37515748.0,306130.0,28.0100002288818
Poland,POL,2019,602683770144.88,37965475.0,306110.0,27.2586536407471
Poland,POL,2018,594616632477.019,37974750.0,306170.0,26.4762535095215
Poland,POL,2017,528356723263.073,37974826.0,306190.0,25.8786201477051
Poland,POL,2016,473259623976.262,37970087.0,306190.0,24.9500007629395
Poland,POL,2015,480054118583.367,37986412.0,306190.0,24.2688179016113
Poland,POL,2014,542134167178.627,38011735.0,306190.0,23.7000007629395
Poland,POL,2013,518179836405.36,38040196.0,306210.0,22.6299991607666
Poland,POL,2012,498148649702.66,38063164.0,306220.0,0.519515454769135
Poland,POL,2011,527848543023.469,38063255.0,306230.0,0.510186910629272
Poland,POL,2010,478111630683.514,38042794.0,306280.0,0.527205169200897
Puerto Rico (US),PRI,2017,103445526000.0,3410837.0,8870.0,7.59000015258789
Puerto Rico (US),PRI,2012,101564800000.0,3661045.0,8870.0,14.710000038147
Portugal,PRT,2022,256898675068.927,10434332.0,91605.6,25.3610610961914
Portugal,PRT,2021,256055879091.139,10361831.0,91605.6,25.0265216827393
Portugal,PRT,2020,229618773422.577,10297081.0,91605.6,22.5100002288818
Portugal,PRT,2019,240115970063.019,10286263.0,91605.6,20.7199993133545
Portugal,PRT,2018,242092894542.888,10283822.0,91605.6,18.6499996185303
Portugal,PRT,2017,220862990767.229,10300300.0,91605.6,19.25
Portugal,PRT,2016,206305431241.638,10325452.0,91605.6,19.0
Portugal,PRT,2015,199038523119.639,10358076.0,91605.6,18.1800003051758
Portugal,PRT,2014,230078616299.675,10401062.0,91605.6,17.4799995422363
Portugal,PRT,2013,226677408291.745,10457295.0,91605.2,15.8699998855591
Portugal,PRT,2012,216536676771.973,10514844.0,91590.0,15.2399997711182
Portugal,PRT,2011,245426767676.002,10557560.0,91590.0,14.1199998855591
Portugal,PRT,2010,238443864993.217,10573100.0,91590.0,12.6599998474121
Portugal,PRT,2009,244667762835.543,10568247.0,91590.0,11.9799995422363
Portugal,PRT,2008,263416394624.084,10558177.0,91470.0,11.5900001525879
Portugal,PRT,2007,240496147317.381,10542964.0,91470.0,11.210000038147
Portugal,PRT,2006,208756449275.848,10522288.0,91470.0,11.0699996948242
Portugal,PRT,2005,197253876704.921,10503330.0,91470.0,10.4499998092651
Portugal,PRT,2004,189382122532.169,10483861.0,91500.0,10.2299995422363
Portugal,PRT,2003,165226175536.793,10458821.0,91500.0,8.94999980926514
Portugal,PRT,2002,134795565549.419,10419631.0,91500.0,7.69999980926514
Portugal,PRT,2001,121604107164.997,10362722.0,91500.0,7.57000017166138
Portugal,PRT,2000,118605192877.388,10289898.0,91500.0,7.28000020980835
Portugal,PRT,1999,127470385557.184,10217828.0,91500.0,7.11999988555908
Portugal,PRT,1998,123946327916.296,10160196.0,91500.0,6.86999988555908
Paraguay,PRY,2020,35432178068.1814,6603739.0,397300.0,14.1899995803833
Paraguay,PRY,2019,37925338329.1494,6515058.0,397300.0,13.9899997711182
Paraguay,PRY,2018,40225448340.6322,6427382.0,397300.0,13.0200004577637
Paraguay,PRY,2016,36089700222.9461,6249126.0,397300.0,12.3500003814697
Paraguay,PRY,2015,36211447840.0971,6159103.0,397300.0,12.8000001907349
Paraguay,PRY,2014,40377929295.6419,6069811.0,397300.0,11.710000038147
Paraguay,PRY,2013,38501122141.4241,5982445.0,397300.0,12.1800003051758
Paraguay,PRY,2012,33271921136.315,5897008.0,397300.0,9.22999954223633
West Bank and Gaza,PSE,2021,18109000000.0,4922749.0,6025.0,22.1371746063232
West Bank and Gaza,PSE,2020,15531700000.0,4803269.0,6020.0,21.7099990844727
West Bank and Gaza,PSE,2019,17133500000.0,4685306.0,6020.0,21.6766109466553
West Bank and Gaza,PSE,2018,16276600000.0,4569087.0,6020.0,19.0900001525879
West Bank and Gaza,PSE,2017,16128000000.0,4454805.0,6020.0,18.0200004577637
West Bank and Gaza,PSE,2016,15405400000.0,4367088.0,6020.0,17.5900001525879
West Bank and Gaza,PSE,2015,13972400000.0,4270092.0,6020.0,17.1200008392334
West Bank and Gaza,PSE,2014,13989700000.0,4173398.0,6020.0,16.6000003814697
West Bank and Gaza,PSE,2013,13515500000.0,4076708.0,6020.0,16.2600002288818
West Bank and Gaza,PSE,2012,12208400000.0,3979998.0,6020.0,15.7001714706421
West Bank and Gaza,PSE,2011,11186100000.0,3882986.0,6020.0,15.0932188034058
West Bank and Gaza,PSE,2010,9681500000.0,3786161.0,6020.0,13.9264373779297
Qatar,QAT,2022,235709325714.286,2657333.0,11490.0,30.3899993896484
Qatar,QAT,2021,179732009560.44,2504910.0,11490.0,28.7944869995117
Qatar,QAT,2020,144411363351.648,2794148.0,11490.0,27.9772491455078
Qatar,QAT,2019,176371267692.308,2638657.0,11490.0,19.6199398040771
Qatar,QAT,2018,183334953818.681,2580734.0,11490.0,19.974573135376
Qatar,QAT,2017,161099122225.275,2545820.0,11490.0,19.0300006866455
Qatar,QAT,2016,151732181868.132,2477113.0,11490.0,18.8799991607666
Qatar,QAT,2015,161739955576.923,2344557.0,11490.0,17.8108100891113
Qatar,QAT,2014,206224598571.429,2151745.0,11490.0,20.3099994659424
Qatar,QAT,2013,198727642967.033,1916426.0,11610.0,20.5100002288818
Qatar,QAT,2012,186833502362.637,1722438.0,11610.0,20.8799991607666
Qatar,QAT,2011,167775268626.374,1624761.0,11610.0,18.7999992370605
Qatar,QAT,2010,125122306346.154,1616832.0,11610.0,17.1200008392334
Qatar,QAT,2009,97798351648.3516,1608903.0,11610.0,19.2700004577637
Qatar,QAT,2008,115270054945.055,1426938.0,11610.0,21.1599998474121
Qatar,QAT,2007,79712087912.0879,1208595.0,11610.0,25.1299991607666
Qatar,QAT,2004,31734065934.0659,773332.0,11610.0,20.8600006103516
Romania,ROU,2022,296354358293.475,19048502.0,230080.0,15.2834615707397
Romania,ROU,2021,286578196368.297,19122059.0,230080.0,13.9771289825439
Romania,ROU,2020,252033792712.145,19265250.0,230080.0,15.137565612793
Romania,ROU,2019,251677082534.495,19371648.0,230080.0,14.786021232605
Romania,ROU,2018,243468683030.34,19473970.0,230080.0,14.5098524093628
Romania,ROU,2017,210147385855.419,19588715.0,230080.0,14.3637037277222
Romania,ROU,2016,185290759248.844,19702267.0,230080.0,14.2660112380981
Romania,ROU,2015,177885131240.315,19815616.0,230080.0,14.0779943466187
Romania,ROU,2014,199722319675.741,19908979.0,230080.0,13.0100002288818
Romania,ROU,2013,189798603751.235,19983693.0,230030.0,0.0709681436419487
Romania,ROU,2012,179117323107.087,20058035.0,230020.0,0.0647354647517204
Romania,ROU,2011,192623977894.173,20147528.0,230170.0,0.0
Romania,ROU,2010,170064350671.827,20246871.0,230050.0,0.048380184918642
Russian Federation,RUS,2021,1829186719575.1,144746762.0,16376870.0,41.2200012207031
Russian Federation,RUS,2010,1524916715223.95,142849468.0,16376870.0,59.2599983215332
Rwanda,RWA,2022,13316161005.7244,13651030.0,24670.0,4.46000003814697
Rwanda,RWA,2021,11078787095.1791,13355260.0,24670.0,5.86872100830078
Rwanda,RWA,2020,10174386854.812,13065837.0,24670.0,3.30790996551514
Rwanda,RWA,2019,10349300276.7623,12776103.0,24670.0,6.01935720443726
Rwanda,RWA,2018,9637904518.99702,12487996.0,24670.0,4.13000011444092
Rwanda,RWA,2017,9252833894.1905,12202060.0,24670.0,5.61589050292969
Rwanda,RWA,2015,8543760205.73641,11640022.0,24670.0,2.20666003227234
Rwanda,RWA,2014,8238966119.55292,11364757.0,24670.0,2.28999996185303
Rwanda,RWA,2012,7654761044.99335,10829901.0,24670.0,2.09999990463257
Saudi Arabia,SAU,2022,1239075200000.0,32175224.0,2149690.0,31.3336486816406
Saudi Arabia,SAU,2021,982661066666.667,30784383.0,2149690.0,31.1062126159668
Saudi Arabia,SAU,2020,767951200000.0,31552510.0,2149690.0,31.0499992370605
Saudi Arabia,SAU,2017,741266133333.333,30977355.0,2149690.0,25.9799995422363
Saudi Arabia,SAU,2013,769755733333.333,27624004.0,2149690.0,19.9400005340576
Saudi Arabia,SAU,2004,258742133333.333,19669480.0,2149690.0,14.9300003051758
Sudan,SDN,2022,51666875363.0963,49383346.0,1868000.0,9.34699058532715
Senegal,SEN,2022,27783332222.6759,17651103.0,192530.0,4.90400886535645
Senegal,SEN,2019,23403995992.1354,16352922.0,192530.0,3.64053988456726
Senegal,SEN,2018,23116701556.1381,15914498.0,192530.0,3.16594004631042
Senegal,SEN,2017,20996562943.5979,15475002.0,192530.0,2.75999999046326
Senegal,SEN,2016,19040312333.1864,15034521.0,192530.0,3.62067008018494
Senegal,SEN,2015,17774766696.1759,14593331.0,192530.0,2.51695990562439
Senegal,SEN,2013,18918667724.8817,13710849.0,192530.0,3.11999988555908
Senegal,SEN,2011,17814283639.3119,12958897.0,192530.0,2.04999995231628
Singapore,SGP,2022,509017841146.557,5637022.0,718.0,36.189998626709
Singapore,SGP,2021,436591382250.464,5453566.0,718.0,36.060001373291
Singapore,SGP,2020,349165858544.568,5685807.0,718.0,32.9799995422363
Singapore,SGP,2019,376161998830.048,5703569.0,716.0,32.3699989318848
Singapore,SGP,2018,377123710560.614,5638676.0,714.0,31.6000003814697
Singapore,SGP,2017,343673334902.33,5612253.0,712.0,30.7099990844727
Singapore,SGP,2016,319646468521.497,5607283.0,709.0,29.1299991607666
Singapore,SGP,2015,307998545269.398,5535002.0,709.0,28.2099990844727
Singapore,SGP,2014,314863580758.455,5469724.0,709.0,27.7399997711182
Singapore,SGP,2013,307576360584.992,5399162.0,707.0,27.3400001525879
Singapore,SGP,2012,295092888076.589,5312437.0,706.0,25.6800003051758
Singapore,SGP,2011,279356499090.458,5183688.0,704.0,24.5499992370605
Singapore,SGP,2010,239807980591.24,5076732.0,702.0,23.6800003051758
Singapore,SGP,2009,194150283771.566,4987573.0,700.0,22.5400009155273
Singapore,SGP,2008,193617323539.203,4839396.0,700.0,21.7999992370605
Singapore,SGP,2007,180941701357.97,4588599.0,695.0,20.0900001525879
Singapore,SGP,2006,148627286361.351,4401365.0,694.0,19.6000003814697
Singapore,SGP,2005,127807848728.398,4265762.0,689.0,17.5300006866455
Solomon Islands,SLB,2013,1285911586.132,594945.0,27990.0,12.8985767364502
Sierra Leone,SLE,2019,6526183564.19893,7731991.0,72180.0,1.95823001861572
Sierra Leone,SLE,2018,6390514688.52816,7554563.0,72180.0,1.90912628173828
Sierra Leone,SLE,2017,5749846528.48046,7379299.0,72180.0,2.14157009124756
Sierra Leone,SLE,2014,7686138790.90872,6876385.0,72180.0,3.34998178482056
Sierra Leone,SLE,2004,2237350687.46606,5355717.0,72180.0,0.850000023841858
El Salvador,SLV,2020,24921190000.0,6234673.0,20720.0,8.43000030517578
El Salvador,SLV,2019,26881140000.0,6222318.0,20720.0,8.34000015258789
El Salvador,SLV,2017,24979190000.0,6213533.0,20720.0,6.67000007629395
El Salvador,SLV,2016,24191430000.0,6200800.0,20720.0,7.11999988555908
El Salvador,SLV,2013,21990960000.0,6138839.0,20720.0,6.05999994277954
San Marino,SMR,2022,1831700577.08904,33755.0,60.0,18.3899993896484
San Marino,SMR,2020,1544714493.24409,34770.0,60.0,18.1900005340576
San Marino,SMR,2018,1655353653.05934,34522.0,60.0,15.7600002288818
Somalia,SOM,2022,10202767269.9992,17801897.0,627340.0,4.26999998092651
Serbia,SRB,2022,66797564758.339,6664449.0,84090.0,17.0843830108643
Serbia,SRB,2021,66159884072.5308,6834326.0,84090.0,16.9075469970703
Serbia,SRB,2020,55874017668.998,6899126.0,84090.0,16.2851524353027
Serbia,SRB,2019,53864693664.5568,6945235.0,87460.0,15.5200004577637
Serbia,SRB,2018,52787520248.9242,6982604.0,87460.0,15.4879369735718
Serbia,SRB,2017,45972834713.8077,7020858.0,87460.0,14.8999996185303
Serbia,SRB,2016,42225495909.5633,7058322.0,87460.0,14.5100002288818
Serbia,SRB,2015,41297410634.9586,7095383.0,87460.0,13.5799999237061
Serbia,SRB,2014,49114321280.3466,7131787.0,87460.0,12.6499996185303
Serbia,SRB,2013,50455529604.0696,7166553.0,87460.0,11.460000038147
Serbia,SRB,2012,45103269969.4112,7201497.0,87460.0,10.9039058685303
Serbia,SRB,2011,51251098408.0924,7236519.0,87460.0,11.8000001907349
Serbia,SRB,2010,43536629233.1424,7291436.0,87460.0,9.76889324188232
Sao Tome and Principe,STP,2019,412976082.620705,213392.0,960.0,4.8479700088501
Sao Tome and Principe,STP,2017,322002845.229335,206970.0,960.0,2.75315546989441
Sao Tome and Principe,STP,2012,229371348.202606,189439.0,960.0,3.25999999046326
Suriname,SUR,2018,3996198866.57453,599513.0,160507.61,4.9513897895813
Slovak Republic,SVK,2022,115884262197.697,5431752.0,48080.0,25.8375110626221
Slovak Republic,SVK,2021,120560912620.599,5447247.0,48080.0,24.5144329071045
Slovak Republic,SVK,2020,107732602896.441,5458827.0,48080.0,23.6204929351807
Slovak Republic,SVK,2019,105843498304.094,5454147.0,48080.0,22.8600006103516
Slovak Republic,SVK,2018,106611673364.837,5446771.0,48080.0,21.8899993896484
Slovak Republic,SVK,2017,95978130734.9766,5439232.0,48080.0,20.6800003051758
Slovak Republic,SVK,2016,90347173228.6356,5430798.0,48080.0,19.6399993896484
Slovak Republic,SVK,2015,89178548717.3324,5423801.0,48082.0,18.9200000762939
Slovak Republic,SVK,2014,101713075598.862,5418649.0,48080.0,18.0599994659424
Slovak Republic,SVK,2013,99134277850.3418,5413393.0,48088.0,14.7576360702515
Slovak Republic,SVK,2012,94724394278.052,5407579.0,48088.0,13.7725563049316
Slovak Republic,SVK,2011,99705104723.4341,5398384.0,48088.0,18.5699996948242
Slovak Republic,SVK,2010,91112160800.7668,5391428.0,48091.0,0.0
Slovenia,SVN,2022,59927702746.2843,2112076.0,20136.4,26.0893592834473
Slovenia,SVN,2021,61529280461.092,2108079.0,20136.4,26.5943374633789
Slovenia,SVN,2020,53384760135.1581,2102419.0,20136.4,23.6385955810547
Slovenia,SVN,2019,53909922735.545,2088385.0,20136.4,21.5100002288818
Slovenia,SVN,2018,53689067639.9176,2073894.0,20136.4,20.6114616394043
Slovenia,SVN,2017,48153200134.6613,2066388.0,20138.1,20.6800003051758
Slovenia,SVN,2016,44290685824.0682,2065042.0,20142.0,19.6399993896484
Slovenia,SVN,2015,42709468274.8137,2063531.0,20142.6,18.8099994659424
Slovenia,SVN,2014,49514466379.6057,2061980.0,20140.0,18.2199993133545
Sweden,SWE,2022,579895717343.956,10486941.0,407280.0,33.6940689086914
Sweden,SWE,2021,637186904843.636,10415811.0,407280.0,32.6667137145996
Sweden,SWE,2020,545147614972.141,10353442.0,407280.0,32.5396308898926
Sweden,SWE,2019,532169294165.94,10278887.0,407280.0,25.0799999237061
Sweden,SWE,2018,551312498430.164,10175214.0,407310.64,30.9937076568604
Sweden,SWE,2017,536083940228.684,10057698.0,407310.64,23.9400005340576
Sweden,SWE,2016,514218206628.325,9923085.0,407310.64,23.4799995422363
Sweden,SWE,2015,501698263620.663,9799186.0,407310.64,23.0
Sweden,SWE,2014,577730245154.162,9696110.0,407339.7,22.5400009155273
Sweden,SWE,2013,584128116410.29,9600379.0,407339.7,22.0400009155273
Sweden,SWE,2012,549742183874.355,9519374.0,407339.7,1.32059144973755
Sweden,SWE,2011,570541353128.724,9449213.0,407339.7,1.32412934303284
Sweden,SWE,2010,492753255885.718,9378126.0,407339.7,1.26070201396942
Eswatini,SWZ,2022,4741163884.9523,1218917.0,17200.0,6.40754985809326
Eswatini,SWZ,2021,4785708165.93031,1206593.0,17200.0,14.4894857406616
Eswatini,SWZ,2016,3724180911.37828,1149507.0,17200.0,12.6465692520142
Turks and Caicos Islands,TCA,2019,1371838000.0,43166.0,950.0,11.7487096786499
Chad,TCD,2019,14905517742.8454,16685223.0,1259200.0,1.75650000572205
Chad,TCD,2018,15327000248.8701,16156531.0,1259200.0,2.73194313049316
Chad,TCD,2009,12317614053.6841,11893754.0,1259200.0,0.860000014305115
Togo,TGO,2022,8169476148.95692,9089738.0,54390.0,5.88405132293701
Togo,TGO,2019,6992700101.37188,8463068.0,54390.0,3.80260682106018
Togo,TGO,2017,6387422517.69225,8057140.0,54390.0,3.10193991661072
Togo,TGO,2015,5755461035.38026,7663195.0,54390.0,5.65889358520508
Togo,TGO,2011,5422442166.44146,6916474.0,54390.0,5.489173412323
Thailand,THA,2022,495644697587.661,71735329.0,510890.0,17.3500003814697
Thailand,THA,2019,543976691793.886,71522271.0,510890.0,15.6300001144409
Thailand,THA,2018,506754208404.485,71376079.0,510890.0,14.9399995803833
Thailand,THA,2016,413366349747.508,70859841.0,510890.0,14.8100004196167
Thailand,THA,2013,420333654592.547,69845114.0,510890.0,13.1300001144409
Tajikistan,TJK,2017,7536402852.85802,9085946.0,138790.0,12.0100002288818
Tajikistan,TJK,2016,6992416096.89018,8865631.0,138790.0,13.4074630737305
Tajikistan,TJK,2000,860541842.263697,6284735.0,139960.0,10.6499996185303
Turkmenistan,TKM,2019,45232857142.8571,6803944.0,469930.0,13.8386697769165
Turkmenistan,TKM,2015,35799714285.7143,6215770.0,469930.0,10.1430797576904
Timor-Leste,TLS,2022,3208593982.01071,1369295.0,14870.0,1.26540040969849
Timor-Leste,TLS,2021,3624889673.07263,1350139.0,14870.0,10.4989490509033
Timor-Leste,TLS,2016,1640464600.0,1228312.0,14870.0,7.36493015289307
Tonga,TON,2021,518228028.701685,105490.0,720.0,5.45926856994629
Tonga,TON,2019,494197853.971842,105669.0,720.0,9.49322986602783
Tonga,TON,2018,489714529.780507,105567.0,720.0,3.88434386253357
Trinidad and Tobago,TTO,2022,28510328245.1372,1365805.0,5130.0,10.1399097442627
Trinidad and Tobago,TTO,2021,24177305760.2763,1367558.0,5130.0,0.147553563117981
Trinidad and Tobago,TTO,2020,20991339706.5613,1366725.0,5130.0,0.181459173560143
Trinidad and Tobago,TTO,2019,23588037786.7403,1363985.0,5130.0,0.0460026636719704
Trinidad and Tobago,TTO,2011,25433007437.1605,1328019.0,5130.0,5.78999996185303
Trinidad and Tobago,TTO,2009,19172165225.5015,1310106.0,5130.0,9.60999965667725
Trinidad and Tobago,TTO,2008,27871587349.5413,1308587.0,5130.0,9.82999992370605
Tunisia,TUN,2022,44948769171.285,12119334.0,155360.0,12.8028297424316
Tunisia,TUN,2019,41905642418.825,11875081.0,155360.0,13.8788766860962
Tunisia,TUN,2018,42686504459.801,11765514.0,155360.0,13.3981304168701
Turkiye,TUR,2022,907118434653.505,84979913.0,769630.0,20.9415740966797
Turkiye,TUR,2021,819865223976.115,84147318.0,769630.0,20.4976119995117
Turkiye,TUR,2020,720338490327.248,83384680.0,769630.0,14.2070665359497
Turkiye,TUR,2019,761005915750.925,82579440.0,769630.0,13.2090663909912
Turkiye,TUR,2018,778972108040.602,81407204.0,769630.0,12.4488391876221
Turkiye,TUR,2017,858988492853.742,80312698.0,769630.0,12.0233488082886
Turkiye,TUR,2016,869682881593.041,79277962.0,769630.0,11.4939594268799
Turkiye,TUR,2015,864313810469.009,78218479.0,769630.0,10.5960102081299
Turkiye,TUR,2014,938934609296.966,77181884.0,769630.0,9.70770740509033
Turkiye,TUR,2013,957799120008.32,76147624.0,769630.0,1.25471687316895
Turkiye,TUR,2012,880555885492.269,75175827.0,769630.0,1.12562477588654
Turkiye,TUR,2011,838785289694.35,74223629.0,769630.0,0.970471084117889
Turkiye,TUR,2010,776967266305.53,73142150.0,769630.0,0.743439257144928
Tuvalu,TUV,2022,59065982.0873657,9992.0,30.0,6.05095529556274
Tuvalu,TUV,2017,45276595.3533146,10869.0,30.0,8.4344310760498
Tuvalu,TUV,2016,41629064.2232388,10930.0,30.0,6.22063541412354
Tanzania,TZA,2022,75769974505.0106,64711821.0,885800.0,2.31976008415222
Tanzania,TZA,2020,66068737786.0639,60972798.0,885800.0,1.57470774650574
Tanzania,TZA,2018,57003712892.0858,57437145.0,885800.0,1.41936004161835
Tanzania,TZA,2015,47413919817.124,52020962.0,885800.0,1.6764999628067
Tanzania,TZA,2014,49986726460.6805,50351512.0,885800.0,1.09650886058807
Tanzania,TZA,2012,39650394362.9287,47374260.0,885800.0,1.07453584671021
Tanzania,TZA,2010,32012892919.37,44758488.0,885800.0,0.481108099222183
Uganda,UGA,2021,40529788744.0595,45910930.0,200520.0,4.43540859222412
Uganda,UGA,2019,35353061007.9635,42999637.0,200520.0,4.25233602523804
Uganda,UGA,2017,30744473841.424,40177388.0,200520.0,2.92620801925659
Uganda,UGA,2016,29203988696.2626,38799152.0,200520.0,0.940330028533936
Uganda,UGA,2014,32612397257.4458,36395539.0,200520.0,2.4418478012085
Uganda,UGA,2012,27305915910.7877,34337438.0,200520.0,1.70000004768372
Uganda,UGA,2011,27871725241.4723,33354543.0,200520.0,1.66774535179138
Uganda,UGA,2010,26673441430.7857,32390802.0,200520.0,2.96000003814697
Uganda,UGA,2008,14440404132.2047,30539553.0,199810.0,1.8400000333786
Ukraine,UKR,2001,39309580983.2282,49106855.0,579350.0,16.75
Uruguay,URY,2022,70594110920.0358,3390913.0,175020.0,22.0100002288818
Uruguay,URY,2019,62222313618.8454,3397206.0,175020.0,11.8400001525879
Uruguay,URY,2018,65344577415.7535,3394534.0,175020.0,11.4700002670288
Uruguay,URY,2017,65005997963.4822,3388438.0,175020.0,11.3400001525879
Uruguay,URY,2016,57480787465.2716,3379283.0,175020.0,10.460000038147
Uruguay,URY,2015,57680327998.6689,3368017.0,175020.0,10.5
Uruguay,URY,2014,61496186973.902,3356334.0,175020.0,7.40999984741211
Uruguay,URY,2013,61337621933.7857,3345337.0,175020.0,7.19999980926514
United States,USA,2022,26006893000000.0,334017321.0,9147420.0,37.6599998474121
United States,USA,2021,23681171000000.0,332099760.0,9147420.0,35.0492286682129
United States,USA,2020,21354105000000.0,331577720.0,9147420.0,37.5200004577637
United States,USA,2019,21539982000000.0,330226227.0,9147420.0,36.0551528930664
United States,USA,2018,20656516000000.0,328529577.0,9147420.0,34.9900016784668
United States,USA,2017,19612102000000.0,326608609.0,9147420.0,32.0158805847168
United States,USA,2016,18804913000000.0,324353340.0,9147420.0,33.439998626709
United States,USA,2015,18295019000000.0,321815121.0,9147420.0,32.5
United States,USA,2014,17608138000000.0,319257560.0,9147420.0,31.9599990844727
United States,USA,2013,16880683000000.0,316726282.0,9147420.0,31.6599998474121
United States,USA,2012,16253970000000.0,314339099.0,9147420.0,31.0561866760254
United States,USA,2011,15599732000000.0,311839461.0,9147420.0,30.418155670166
United States,USA,2010,15048971000000.0,309378227.0,9147420.0,29.9961318969727
Uzbekistan,UZB,2022,90095926567.4359,34938955.0,440652.0,16.8500003814697
Uzbekistan,UZB,2021,77340060003.0347,34243696.0,440653.0,16.4500007629395
Uzbekistan,UZB,2019,67293639798.3996,32964701.0,440555.0,16.4300003051758
Uzbekistan,UZB,2018,58695899092.1083,32373490.0,440587.0,16.2999992370605
Uzbekistan,UZB,2016,86138288644.171,31284568.0,440591.0,16.3199996948242
Uzbekistan,UZB,2015,86196264755.3105,30749346.0,440600.0,15.8000001907349
Uzbekistan,UZB,2014,80845385809.4529,30222994.0,435789.0,15.6800003051758
Uzbekistan,UZB,2013,73180037914.9104,29724065.0,435789.0,15.4200000762939
"Venezuela, RB",VEN,2011,316482190800.364,29185212.0,882050.0,18.5100002288818
Viet Nam,VNM,2022,413445230668.578,99680655.0,313429.0,11.5200004577637
Viet Nam,VNM,2021,366474752771.009,98935098.0,313429.0,10.2703876495361
Viet Nam,VNM,2020,346615738537.796,98079191.0,313429.0,10.3575077056885
Viet Nam,VNM,2019,334365270496.667,97173776.0,313429.0,10.25
Vanuatu,VUT,2020,909421043.508407,298858.0,12190.0,2.58072924613953
Vanuatu,VUT,2019,936526267.622513,291985.0,12190.0,3.50382971763611
Vanuatu,VUT,2010,670712979.682038,238248.0,12190.0,2.93270325660706
Samoa,WSM,2022,832945205.637185,215261.0,2780.0,16.4844264984131
Samoa,WSM,2019,912950466.064906,209780.0,2780.0,11.0046997070312
Samoa,WSM,2001,266299591.479428,183166.0,2830.0,3.94000005722046
"Yemen, Rep.",YEM,2014,43228585321.3737,30226309.0,527970.0,4.98842000961304
South Africa,ZAF,2022,406920004594.074,62378410.0,1213090.0,11.4343910217285
South Africa,ZAF,2021,420886877628.703,61502603.0,1213090.0,12.960000038147
South Africa,ZAF,2020,337974655408.055,60562381.0,1213090.0,7.68192005157471
South Africa,ZAF,2019,389330032224.269,59587885.0,1213090.0,8.02000045776367
South Africa,ZAF,2018,405260723892.517,58613001.0,1213090.0,11.1089563369751
South Africa,ZAF,2017,381448814653.456,57635162.0,1213090.0,8.25
South Africa,ZAF,2016,323585509674.481,57259551.0,1213090.0,8.25026321411133
South Africa,ZAF,2015,346709790458.563,56723537.0,1213090.0,6.07000017166138
South Africa,ZAF,2014,381198869776.106,55594838.0,1213090.0,6.03802108764648
South Africa,ZAF,2013,400886013595.573,54678791.0,1213090.0,5.95415067672729
South Africa,ZAF,2011,458199494830.834,52995205.0,1213090.0,5.18007898330688
South Africa,ZAF,2010,417363822801.713,52344051.0,1213090.0,4.83927631378174
Zambia,ZMB,2022,29163782140.4858,20152938.0,743390.0,2.71212387084961
Zambia,ZMB,2021,22096416932.0089,19603607.0,743390.0,2.3370246887207
Zambia,ZMB,2020,18137764930.651,19059395.0,743390.0,3.26121473312378
Zambia,ZMB,2019,23308667781.2258,18513839.0,743390.0,2.25983357429504
Zambia,ZMB,2018,26311507273.6735,17973569.0,743390.0,1.8147200345993
Zambia,ZMB,2017,25873601260.8353,17441320.0,743390.0,1.58607089519501
Zimbabwe,ZWE,2022,32789657377.9788,16069056.0,386850.0,0.91387802362442
Zimbabwe,ZWE,2021,27240507841.6729,15797210.0,386850.0,0.959930837154388
Zimbabwe,ZWE,2019,25715657177.4682,15271368.0,386850.0,5.70975017547607
Zimbabwe,ZWE,2017,51074726484.0037,14812482.0,386850.0,3.25
Zimbabwe,ZWE,2015,19963058858.4528,14399013.0,386850.0,6.95983982086182
