penalty,mixture,.metric,.estimator,mean,n,std_err,.config,model,features,mtry,trees,min_n,tree_depth,learn_rate,loss_reduction,sample_size
3.665241237079626e-8,0.05,mae,standard,0.24971609609708165,5,0.002076170270072092,Preprocessor1_Model01,elastic_net,hybrid,NA,NA,NA,NA,NA,NA,NA
3.665241237079626e-8,0.05,rmse,standard,0.3026919201561503,5,0.003406255317869498,Preprocessor1_Model01,elastic_net,hybrid,NA,NA,NA,NA,NA,NA,NA
4.124626382901348e-6,0.07435897435897436,mae,standard,0.24987751537211103,5,0.0020126156618553363,Preprocessor1_Model02,elastic_net,hybrid,NA,NA,NA,NA,NA,NA,NA
4.124626382901348e-6,0.07435897435897436,rmse,standard,0.3034996454033455,5,0.003353915271902273,Preprocessor1_Model02,elastic_net,hybrid,NA,NA,NA,NA,NA,NA,NA
2.5719138090593417e-4,0.09871794871794873,mae,standard,0.2500861697794522,5,0.0019452156659613396,Preprocessor1_Model03,elastic_net,hybrid,NA,NA,NA,NA,NA,NA,NA
2.5719138090593417e-4,0.09871794871794873,rmse,standard,0.3041394406374962,5,0.003287560422615651,Preprocessor1_Model03,elastic_net,hybrid,NA,NA,NA,NA,NA,NA,NA
0.00888623816274339,0.12307692307692308,mae,standard,0.24960181650684718,5,0.002139296096235026,Preprocessor1_Model04,elastic_net,hybrid,NA,NA,NA,NA,NA,NA,NA
0.00888623816274339,0.12307692307692308,rmse,standard,0.30394688388334407,5,0.0033935623954190752,Preprocessor1_Model04,elastic_net,hybrid,NA,NA,NA,NA,NA,NA,NA
1.0608183551394483e-9,0.14743589743589744,mae,standard,0.25039701015129634,5,0.0018950498088118285,Preprocessor1_Model05,elastic_net,hybrid,NA,NA,NA,NA,NA,NA,NA
1.0608183551394483e-9,0.14743589743589744,rmse,standard,0.3050066620315174,5,0.0032066136903153206,Preprocessor1_Model05,elastic_net,hybrid,NA,NA,NA,NA,NA,NA,NA
0.30702906297578375,0.1717948717948718,mae,standard,0.24875161772985516,5,0.0026884976725569496,Preprocessor1_Model06,elastic_net,hybrid,NA,NA,NA,NA,NA,NA,NA
0.30702906297578375,0.1717948717948718,rmse,standard,0.29709990934438,5,0.0036144066514051188,Preprocessor1_Model06,elastic_net,hybrid,NA,NA,NA,NA,NA,NA,NA
2.1544346900318822e-7,0.19615384615384618,mae,standard,0.2505779996039525,5,0.0018886768412113017,Preprocessor1_Model07,elastic_net,hybrid,NA,NA,NA,NA,NA,NA,NA
2.1544346900318822e-7,0.19615384615384618,rmse,standard,0.3055144459188127,5,0.003202990135937545,Preprocessor1_Model07,elastic_net,hybrid,NA,NA,NA,NA,NA,NA,NA
1.3433993325988988e-5,0.2205128205128205,mae,standard,0.25065434430549494,5,0.00189690562161096,Preprocessor1_Model08,elastic_net,hybrid,NA,NA,NA,NA,NA,NA,NA
1.3433993325988988e-5,0.2205128205128205,rmse,standard,0.30570025186929034,5,0.0032076814593354147,Preprocessor1_Model08,elastic_net,hybrid,NA,NA,NA,NA,NA,NA,NA
8.376776400682907e-4,0.2448717948717949,mae,standard,0.25073098006724404,5,0.0019023998902941142,Preprocessor1_Model09,elastic_net,hybrid,NA,NA,NA,NA,NA,NA,NA
8.376776400682907e-4,0.2448717948717949,rmse,standard,0.305873034781356,5,0.003210524504034605,Preprocessor1_Model09,elastic_net,hybrid,NA,NA,NA,NA,NA,NA,NA
1.1253355826007646e-8,0.2692307692307692,mae,standard,0.2508001773414012,5,0.0019077084545536301,Preprocessor1_Model10,elastic_net,hybrid,NA,NA,NA,NA,NA,NA,NA
1.1253355826007646e-8,0.2692307692307692,rmse,standard,0.3060265955951374,5,0.0032136349727575463,Preprocessor1_Model10,elastic_net,hybrid,NA,NA,NA,NA,NA,NA,NA
0.0289426612471674,0.2935897435897436,mae,standard,0.24752579583676898,5,0.002861711177336389,Preprocessor1_Model11,elastic_net,hybrid,NA,NA,NA,NA,NA,NA,NA
0.0289426612471674,0.2935897435897436,rmse,standard,0.299227030628578,5,0.004082777414244789,Preprocessor1_Model11,elastic_net,hybrid,NA,NA,NA,NA,NA,NA,NA
3.257020655659783e-10,0.31794871794871793,mae,standard,0.25090992125667577,5,0.00191729198857714,Preprocessor1_Model12,elastic_net,hybrid,NA,NA,NA,NA,NA,NA,NA
3.257020655659783e-10,0.31794871794871793,rmse,standard,0.30626246419299913,5,0.0032239494934635255,Preprocessor1_Model12,elastic_net,hybrid,NA,NA,NA,NA,NA,NA,NA
7.017038286703822e-7,0.3423076923076923,mae,standard,0.250956463402003,5,0.0019191683906161039,Preprocessor1_Model13,elastic_net,hybrid,NA,NA,NA,NA,NA,NA,NA
7.017038286703822e-7,0.3423076923076923,rmse,standard,0.3063587070944595,5,0.0032247879789222833,Preprocessor1_Model13,elastic_net,hybrid,NA,NA,NA,NA,NA,NA,NA
1,0.36666666666666664,mae,standard,0.24875161772985516,5,0.0026884976725569496,Preprocessor1_Model14,elastic_net,hybrid,NA,NA,NA,NA,NA,NA,NA
1,0.36666666666666664,rmse,standard,0.29709990934438,5,0.0036144066514051188,Preprocessor1_Model14,elastic_net,hybrid,NA,NA,NA,NA,NA,NA,NA
4.37547937507418e-5,0.391025641025641,mae,standard,0.25102748097197153,5,0.0019243039225376026,Preprocessor1_Model15,elastic_net,hybrid,NA,NA,NA,NA,NA,NA,NA
4.37547937507418e-5,0.391025641025641,rmse,standard,0.3065060954405633,5,0.0032250765805032816,Preprocessor1_Model15,elastic_net,hybrid,NA,NA,NA,NA,NA,NA,NA
0.002728333376486764,0.41538461538461535,mae,standard,0.25065423893936506,5,0.002135212550960672,Preprocessor1_Model16,elastic_net,hybrid,NA,NA,NA,NA,NA,NA,NA
0.002728333376486764,0.41538461538461535,rmse,standard,0.30599725935423205,5,0.0034180524506636327,Preprocessor1_Model16,elastic_net,hybrid,NA,NA,NA,NA,NA,NA,NA
1.9144819761699535e-9,0.43974358974358974,mae,standard,0.25108525259898523,5,0.0019303534963011886,Preprocessor1_Model17,elastic_net,hybrid,NA,NA,NA,NA,NA,NA,NA
1.9144819761699535e-9,0.43974358974358974,rmse,standard,0.30661668454417623,5,0.003228222699598872,Preprocessor1_Model17,elastic_net,hybrid,NA,NA,NA,NA,NA,NA,NA
6.614740641230146e-8,0.4641025641025641,mae,standard,0.2511137618201332,5,0.0019332538175583685,Preprocessor1_Model18,elastic_net,hybrid,NA,NA,NA,NA,NA,NA,NA
6.614740641230146e-8,0.4641025641025641,rmse,standard,0.30667064951289574,5,0.003230040870757796,Preprocessor1_Model18,elastic_net,hybrid,NA,NA,NA,NA,NA,NA,NA
0.09426684551178854,0.48846153846153845,mae,standard,0.24875161772985516,5,0.0026884976725569496,Preprocessor1_Model19,elastic_net,hybrid,NA,NA,NA,NA,NA,NA,NA
0.09426684551178854,0.48846153846153845,rmse,standard,0.29709990934438,5,0.0036144066514051188,Preprocessor1_Model19,elastic_net,hybrid,NA,NA,NA,NA,NA,NA,NA
2.2854638641349884e-6,0.5128205128205129,mae,standard,0.251167427172238,5,0.0019351169851547442,Preprocessor1_Model20,elastic_net,hybrid,NA,NA,NA,NA,NA,NA,NA
2.2854638641349884e-6,0.5128205128205129,rmse,standard,0.30676585456193156,5,0.003229590875229013,Preprocessor1_Model20,elastic_net,hybrid,NA,NA,NA,NA,NA,NA,NA
1e-10,0.5371794871794872,mae,standard,0.2511912094559581,5,0.0019386091458539311,Preprocessor1_Model21,elastic_net,hybrid,NA,NA,NA,NA,NA,NA,NA
1e-10,0.5371794871794872,rmse,standard,0.30680664689071946,5,0.0032322043928350317,Preprocessor1_Model21,elastic_net,hybrid,NA,NA,NA,NA,NA,NA,NA
7.896522868499717e-5,0.5615384615384615,mae,standard,0.2512095137554093,5,0.0019422370812988362,Preprocessor1_Model22,elastic_net,hybrid,NA,NA,NA,NA,NA,NA,NA
7.896522868499717e-5,0.5615384615384615,rmse,standard,0.3068441611821292,5,0.0032347301959765075,Preprocessor1_Model22,elastic_net,hybrid,NA,NA,NA,NA,NA,NA,NA
0.004923882631706731,0.5858974358974359,mae,standard,0.24977699436699538,5,0.002378946208403758,Preprocessor1_Model23,elastic_net,hybrid,NA,NA,NA,NA,NA,NA,NA
0.004923882631706731,0.5858974358974359,rmse,standard,0.30470793508820765,5,0.003732014004093934,Preprocessor1_Model23,elastic_net,hybrid,NA,NA,NA,NA,NA,NA,NA
3.4551072945922183e-9,0.6102564102564103,mae,standard,0.25125175014570156,5,0.0019460401256696995,Preprocessor1_Model24,elastic_net,hybrid,NA,NA,NA,NA,NA,NA,NA
3.4551072945922183e-9,0.6102564102564103,rmse,standard,0.30691711302400093,5,0.003236942690456402,Preprocessor1_Model24,elastic_net,hybrid,NA,NA,NA,NA,NA,NA,NA
0.17012542798525856,0.6346153846153847,mae,standard,0.24875161772985516,5,0.0026884976725569496,Preprocessor1_Model25,elastic_net,hybrid,NA,NA,NA,NA,NA,NA,NA
0.17012542798525856,0.6346153846153847,rmse,standard,0.29709990934438,5,0.0036144066514051188,Preprocessor1_Model25,elastic_net,hybrid,NA,NA,NA,NA,NA,NA,NA
1.1937766417144357e-7,0.6589743589743591,mae,standard,0.2512929204818042,5,0.0019524545958848256,Preprocessor1_Model26,elastic_net,hybrid,NA,NA,NA,NA,NA,NA,NA
1.1937766417144357e-7,0.6589743589743591,rmse,standard,0.3069846428250368,5,0.0032409848476786444,Preprocessor1_Model26,elastic_net,hybrid,NA,NA,NA,NA,NA,NA,NA
7.443803013251681e-6,0.6833333333333333,mae,standard,0.2513147544881827,5,0.0019530544187688693,Preprocessor1_Model27,elastic_net,hybrid,NA,NA,NA,NA,NA,NA,NA
7.443803013251681e-6,0.6833333333333333,rmse,standard,0.30701953345455885,5,0.0032412673690278377,Preprocessor1_Model27,elastic_net,hybrid,NA,NA,NA,NA,NA,NA,NA
4.6415888336127724e-4,0.7076923076923077,mae,standard,0.2513143672569839,5,0.0019741563689285166,Preprocessor1_Model28,elastic_net,hybrid,NA,NA,NA,NA,NA,NA,NA
4.6415888336127724e-4,0.7076923076923077,rmse,standard,0.3070261962996512,5,0.0032582567083145526,Preprocessor1_Model28,elastic_net,hybrid,NA,NA,NA,NA,NA,NA,NA
1.8047217668271666e-10,0.7320512820512821,mae,standard,0.2513467359240378,5,0.001953494005174108,Preprocessor1_Model29,elastic_net,hybrid,NA,NA,NA,NA,NA,NA,NA
1.8047217668271666e-10,0.7320512820512821,rmse,standard,0.30707157123665824,5,0.003240650617835475,Preprocessor1_Model29,elastic_net,hybrid,NA,NA,NA,NA,NA,NA,NA
0.016037187437513277,0.7564102564102565,mae,standard,0.247481748229517,5,0.0028446832859300142,Preprocessor1_Model30,elastic_net,hybrid,NA,NA,NA,NA,NA,NA,NA
0.016037187437513277,0.7564102564102565,rmse,standard,0.2975413680890418,5,0.0039973933334427475,Preprocessor1_Model30,elastic_net,hybrid,NA,NA,NA,NA,NA,NA,NA
6.235507341273925e-9,0.7807692307692308,mae,standard,0.2513804437769192,5,0.0019556804766655066,Preprocessor1_Model31,elastic_net,hybrid,NA,NA,NA,NA,NA,NA,NA
6.235507341273925e-9,0.7807692307692308,rmse,standard,0.30712096043906095,5,0.0032424330722800416,Preprocessor1_Model31,elastic_net,hybrid,NA,NA,NA,NA,NA,NA,NA
0.5541020330009481,0.8051282051282052,mae,standard,0.24875161772985516,5,0.0026884976725569496,Preprocessor1_Model32,elastic_net,hybrid,NA,NA,NA,NA,NA,NA,NA
0.5541020330009481,0.8051282051282052,rmse,standard,0.29709990934438,5,0.0036144066514051188,Preprocessor1_Model32,elastic_net,hybrid,NA,NA,NA,NA,NA,NA,NA
3.8881551803080855e-7,0.8294871794871795,mae,standard,0.25141292217659506,5,0.001958750009402774,Preprocessor1_Model33,elastic_net,hybrid,NA,NA,NA,NA,NA,NA,NA
3.8881551803080855e-7,0.8294871794871795,rmse,standard,0.3071697576126882,5,0.0032457935217443767,Preprocessor1_Model33,elastic_net,hybrid,NA,NA,NA,NA,NA,NA,NA
2.424462017082326e-5,0.8538461538461539,mae,standard,0.2514254830635385,5,0.001960028570845426,Preprocessor1_Model34,elastic_net,hybrid,NA,NA,NA,NA,NA,NA,NA
2.424462017082326e-5,0.8538461538461539,rmse,standard,0.307189971394342,5,0.003247251128102286,Preprocessor1_Model34,elastic_net,hybrid,NA,NA,NA,NA,NA,NA,NA
0.00151177507061566,0.8782051282051283,mae,standard,0.25104831706049396,5,0.002197153381326022,Preprocessor1_Model35,elastic_net,hybrid,NA,NA,NA,NA,NA,NA,NA
0.00151177507061566,0.8782051282051283,rmse,standard,0.30658259225172435,5,0.003503046098163613,Preprocessor1_Model35,elastic_net,hybrid,NA,NA,NA,NA,NA,NA,NA
5.878016072274924e-10,0.9025641025641026,mae,standard,0.25145077336930993,5,0.0019625558792962113,Preprocessor1_Model36,elastic_net,hybrid,NA,NA,NA,NA,NA,NA,NA
5.878016072274924e-10,0.9025641025641026,rmse,standard,0.3072293598533408,5,0.0032481234679138326,Preprocessor1_Model36,elastic_net,hybrid,NA,NA,NA,NA,NA,NA,NA
0.05223345074266832,0.926923076923077,mae,standard,0.24875161772985516,5,0.0026884976725569496,Preprocessor1_Model37,elastic_net,hybrid,NA,NA,NA,NA,NA,NA,NA
0.05223345074266832,0.926923076923077,rmse,standard,0.29709990934438,5,0.0036144066514051188,Preprocessor1_Model37,elastic_net,hybrid,NA,NA,NA,NA,NA,NA,NA
2.0309176209047348e-8,0.9512820512820513,mae,standard,0.25147474255800373,5,0.001964882597807554,Preprocessor1_Model38,elastic_net,hybrid,NA,NA,NA,NA,NA,NA,NA
2.0309176209047348e-8,0.9512820512820513,rmse,standard,0.30726550943289604,5,0.003250903726001215,Preprocessor1_Model38,elastic_net,hybrid,NA,NA,NA,NA,NA,NA,NA
1.2663801734674021e-6,0.9756410256410257,mae,standard,0.2514860235779446,5,0.0019666353616621707,Preprocessor1_Model39,elastic_net,hybrid,NA,NA,NA,NA,NA,NA,NA
1.2663801734674021e-6,0.9756410256410257,rmse,standard,0.30728215400719106,5,0.0032528148209670354,Preprocessor1_Model39,elastic_net,hybrid,NA,NA,NA,NA,NA,NA,NA
1.4251026703029964e-4,1,mae,standard,0.2514994765226958,5,0.001967356274033569,Preprocessor1_Model40,elastic_net,hybrid,NA,NA,NA,NA,NA,NA,NA
1.4251026703029964e-4,1,rmse,standard,0.3072993357586588,5,0.003253746509416068,Preprocessor1_Model40,elastic_net,hybrid,NA,NA,NA,NA,NA,NA,NA
NA,NA,mae,standard,0.24877502369089727,5,0.0026774903523345216,Preprocessor1_Model01,random_forest,hybrid,1,1128,10,NA,NA,NA,NA
NA,NA,rmse,standard,0.2971169287779604,5,0.0036144775147697087,Preprocessor1_Model01,random_forest,hybrid,1,1128,10,NA,NA,NA,NA
NA,NA,mae,standard,0.24885838473898786,5,0.0025557909287302854,Preprocessor1_Model02,random_forest,hybrid,7,1538,28,NA,NA,NA,NA
NA,NA,rmse,standard,0.2973639506892096,5,0.0035194142850007958,Preprocessor1_Model02,random_forest,hybrid,7,1538,28,NA,NA,NA,NA
NA,NA,mae,standard,0.24982308650076113,5,0.0027765867287853217,Preprocessor1_Model03,random_forest,hybrid,13,462,16,NA,NA,NA,NA
NA,NA,rmse,standard,0.29848496348197023,5,0.0037318840414298925,Preprocessor1_Model03,random_forest,hybrid,13,462,16,NA,NA,NA,NA
NA,NA,mae,standard,0.2493253428314456,5,0.0024331774461013914,Preprocessor1_Model04,random_forest,hybrid,20,411,29,NA,NA,NA,NA
NA,NA,rmse,standard,0.2977923497022611,5,0.0033562494490395104,Preprocessor1_Model04,random_forest,hybrid,20,411,29,NA,NA,NA,NA
NA,NA,mae,standard,0.24991930222466233,5,0.002347482281120517,Preprocessor1_Model05,random_forest,hybrid,26,1743,15,NA,NA,NA,NA
NA,NA,rmse,standard,0.2985994875690286,5,0.003251253029585558,Preprocessor1_Model05,random_forest,hybrid,26,1743,15,NA,NA,NA,NA
NA,NA,mae,standard,0.25009823629349975,5,0.00238524649223172,Preprocessor1_Model06,random_forest,hybrid,33,923,36,NA,NA,NA,NA
NA,NA,rmse,standard,0.2986399024471313,5,0.0033596811072749023,Preprocessor1_Model06,random_forest,hybrid,33,923,36,NA,NA,NA,NA
NA,NA,mae,standard,0.25058127385636114,5,0.002470396936675629,Preprocessor1_Model07,random_forest,hybrid,39,1026,23,NA,NA,NA,NA
NA,NA,rmse,standard,0.29914868024066227,5,0.0033438223004068866,Preprocessor1_Model07,random_forest,hybrid,39,1026,23,NA,NA,NA,NA
NA,NA,mae,standard,0.2506266560238665,5,0.0023243025463929833,Preprocessor1_Model08,random_forest,hybrid,46,257,6,NA,NA,NA,NA
NA,NA,rmse,standard,0.2994545029586442,5,0.0033819490195197205,Preprocessor1_Model08,random_forest,hybrid,46,257,6,NA,NA,NA,NA
NA,NA,mae,standard,0.2504376382697713,5,0.0022336937503536322,Preprocessor1_Model09,random_forest,hybrid,52,1641,4,NA,NA,NA,NA
NA,NA,rmse,standard,0.2992071243840843,5,0.0031628520861631997,Preprocessor1_Model09,random_forest,hybrid,52,1641,4,NA,NA,NA,NA
NA,NA,mae,standard,0.2503102086882154,5,0.0025034852560689956,Preprocessor1_Model10,random_forest,hybrid,59,1589,37,NA,NA,NA,NA
NA,NA,rmse,standard,0.2988529516050335,5,0.0033137488775478057,Preprocessor1_Model10,random_forest,hybrid,59,1589,37,NA,NA,NA,NA
NA,NA,mae,standard,0.2504250817639505,5,0.002623964026225882,Preprocessor1_Model11,random_forest,hybrid,65,974,2,NA,NA,NA,NA
NA,NA,rmse,standard,0.2991521910595464,5,0.0036031333824747803,Preprocessor1_Model11,random_forest,hybrid,65,974,2,NA,NA,NA,NA
NA,NA,mae,standard,0.3157701222338231,5,0.00400674763032838,Preprocessor1_Model12,random_forest,hybrid,72,1,20,NA,NA,NA,NA
NA,NA,rmse,standard,0.3882127695240777,5,0.0037277686459006635,Preprocessor1_Model12,random_forest,hybrid,72,1,20,NA,NA,NA,NA
NA,NA,mae,standard,0.2502224369172031,5,0.0027981296662259736,Preprocessor1_Model13,random_forest,hybrid,78,206,35,NA,NA,NA,NA
NA,NA,rmse,standard,0.2991420027753199,5,0.0036186693956445576,Preprocessor1_Model13,random_forest,hybrid,78,206,35,NA,NA,NA,NA
NA,NA,mae,standard,0.25021514912595477,5,0.0025366938188005625,Preprocessor1_Model14,random_forest,hybrid,85,1897,24,NA,NA,NA,NA
NA,NA,rmse,standard,0.29882929949027304,5,0.003324362490611299,Preprocessor1_Model14,random_forest,hybrid,85,1897,24,NA,NA,NA,NA
NA,NA,mae,standard,0.25059694550142686,5,0.002619990205961295,Preprocessor1_Model15,random_forest,hybrid,91,667,13,NA,NA,NA,NA
NA,NA,rmse,standard,0.29930903667575665,5,0.003418556593603067,Preprocessor1_Model15,random_forest,hybrid,91,667,13,NA,NA,NA,NA
NA,NA,mae,standard,0.2502637318224754,5,0.002546657377795623,Preprocessor1_Model16,random_forest,hybrid,98,1333,14,NA,NA,NA,NA
NA,NA,rmse,standard,0.29892915775682277,5,0.0033989935570350157,Preprocessor1_Model16,random_forest,hybrid,98,1333,14,NA,NA,NA,NA
NA,NA,mae,standard,0.2503982106470034,5,0.0025611402508680554,Preprocessor1_Model17,random_forest,hybrid,104,1231,30,NA,NA,NA,NA
NA,NA,rmse,standard,0.2988554611122264,5,0.0033119658209559612,Preprocessor1_Model17,random_forest,hybrid,104,1231,30,NA,NA,NA,NA
NA,NA,mae,standard,0.2503614515232205,5,0.002505789945068895,Preprocessor1_Model18,random_forest,hybrid,111,564,25,NA,NA,NA,NA
NA,NA,rmse,standard,0.2988281145162001,5,0.0032346787286414197,Preprocessor1_Model18,random_forest,hybrid,111,564,25,NA,NA,NA,NA
NA,NA,mae,standard,0.250408196695197,5,0.0025816461147377444,Preprocessor1_Model19,random_forest,hybrid,117,718,39,NA,NA,NA,NA
NA,NA,rmse,standard,0.2991974212823351,5,0.0033605746689214914,Preprocessor1_Model19,random_forest,hybrid,117,718,39,NA,NA,NA,NA
NA,NA,mae,standard,0.25057948614098735,5,0.002483789482907812,Preprocessor1_Model20,random_forest,hybrid,124,1948,11,NA,NA,NA,NA
NA,NA,rmse,standard,0.2990737070024731,5,0.0033578077137070336,Preprocessor1_Model20,random_forest,hybrid,124,1948,11,NA,NA,NA,NA
NA,NA,mae,standard,0.2511961772600053,5,0.0026957811425554197,Preprocessor1_Model21,random_forest,hybrid,130,103,9,NA,NA,NA,NA
NA,NA,rmse,standard,0.2997919852863238,5,0.003590414563530852,Preprocessor1_Model21,random_forest,hybrid,130,103,9,NA,NA,NA,NA
NA,NA,mae,standard,0.25075751158656007,5,0.0025305124180496916,Preprocessor1_Model22,random_forest,hybrid,137,1846,34,NA,NA,NA,NA
NA,NA,rmse,standard,0.299282831886812,5,0.0032914764250602546,Preprocessor1_Model22,random_forest,hybrid,137,1846,34,NA,NA,NA,NA
NA,NA,mae,standard,0.25057184394596527,5,0.0027530185666956764,Preprocessor1_Model23,random_forest,hybrid,143,1384,3,NA,NA,NA,NA
NA,NA,rmse,standard,0.29912309770208695,5,0.0034787574508407036,Preprocessor1_Model23,random_forest,hybrid,143,1384,3,NA,NA,NA,NA
NA,NA,mae,standard,0.25056833892541086,5,0.0024037076073455685,Preprocessor1_Model24,random_forest,hybrid,150,616,2,NA,NA,NA,NA
NA,NA,rmse,standard,0.299312773483031,5,0.003160780969381897,Preprocessor1_Model24,random_forest,hybrid,150,616,2,NA,NA,NA,NA
NA,NA,mae,standard,0.25173148571686016,5,0.0021641332243836843,Preprocessor1_Model25,random_forest,hybrid,156,52,31,NA,NA,NA,NA
NA,NA,rmse,standard,0.3012223669287872,5,0.0033704526704911365,Preprocessor1_Model25,random_forest,hybrid,156,52,31,NA,NA,NA,NA
NA,NA,mae,standard,0.2506302989559629,5,0.002558389633350635,Preprocessor1_Model26,random_forest,hybrid,163,1436,21,NA,NA,NA,NA
NA,NA,rmse,standard,0.29928936193385963,5,0.0032807930857631108,Preprocessor1_Model26,random_forest,hybrid,163,1436,21,NA,NA,NA,NA
NA,NA,mae,standard,0.25055868537419546,5,0.0025406584747607167,Preprocessor1_Model27,random_forest,hybrid,169,1282,40,NA,NA,NA,NA
NA,NA,rmse,standard,0.29927660680579354,5,0.0033767434960339654,Preprocessor1_Model27,random_forest,hybrid,169,1282,40,NA,NA,NA,NA
NA,NA,mae,standard,0.25098713956231367,5,0.002497794428430362,Preprocessor1_Model28,random_forest,hybrid,176,872,12,NA,NA,NA,NA
NA,NA,rmse,standard,0.29954292404729344,5,0.0033569644241407894,Preprocessor1_Model28,random_forest,hybrid,176,872,12,NA,NA,NA,NA
NA,NA,mae,standard,0.25087818289206537,5,0.0025530299414142643,Preprocessor1_Model29,random_forest,hybrid,182,821,26,NA,NA,NA,NA
NA,NA,rmse,standard,0.2994345065492174,5,0.003434133826562209,Preprocessor1_Model29,random_forest,hybrid,182,821,26,NA,NA,NA,NA
NA,NA,mae,standard,0.25090933882843197,5,0.0025456840610366457,Preprocessor1_Model30,random_forest,hybrid,189,154,18,NA,NA,NA,NA
NA,NA,rmse,standard,0.29961631469566014,5,0.0034580403229030592,Preprocessor1_Model30,random_forest,hybrid,189,154,18,NA,NA,NA,NA
NA,NA,mae,standard,0.2506767371100591,5,0.002549443365100251,Preprocessor1_Model31,random_forest,hybrid,195,2000,22,NA,NA,NA,NA
NA,NA,rmse,standard,0.2993218489406382,5,0.0033749768354327443,Preprocessor1_Model31,random_forest,hybrid,195,2000,22,NA,NA,NA,NA
NA,NA,mae,standard,0.25049194941213415,5,0.0023764245428211143,Preprocessor1_Model32,random_forest,hybrid,202,513,38,NA,NA,NA,NA
NA,NA,rmse,standard,0.29902985644774,5,0.0030770749402123845,Preprocessor1_Model32,random_forest,hybrid,202,513,38,NA,NA,NA,NA
NA,NA,mae,standard,0.25076420945165656,5,0.002493576065108675,Preprocessor1_Model33,random_forest,hybrid,208,1794,8,NA,NA,NA,NA
NA,NA,rmse,standard,0.2995674863260207,5,0.0032493468448431843,Preprocessor1_Model33,random_forest,hybrid,208,1794,8,NA,NA,NA,NA
NA,NA,mae,standard,0.25083587450125117,5,0.002576116216867242,Preprocessor1_Model34,random_forest,hybrid,215,1692,33,NA,NA,NA,NA
NA,NA,rmse,standard,0.29939459605020924,5,0.0034280321908565833,Preprocessor1_Model34,random_forest,hybrid,215,1692,33,NA,NA,NA,NA
NA,NA,mae,standard,0.2501233155174165,5,0.002553314779511209,Preprocessor1_Model35,random_forest,hybrid,221,359,7,NA,NA,NA,NA
NA,NA,rmse,standard,0.2990753859370442,5,0.0034589022025342977,Preprocessor1_Model35,random_forest,hybrid,221,359,7,NA,NA,NA,NA
NA,NA,mae,standard,0.25070597715798054,5,0.0024396501304443713,Preprocessor1_Model36,random_forest,hybrid,228,1179,5,NA,NA,NA,NA
NA,NA,rmse,standard,0.2996673427092443,5,0.003347601515768862,Preprocessor1_Model36,random_forest,hybrid,228,1179,5,NA,NA,NA,NA
NA,NA,mae,standard,0.2510646582372347,5,0.0026999411136150865,Preprocessor1_Model37,random_forest,hybrid,234,308,27,NA,NA,NA,NA
NA,NA,rmse,standard,0.2999214276971408,5,0.0034330699322737994,Preprocessor1_Model37,random_forest,hybrid,234,308,27,NA,NA,NA,NA
NA,NA,mae,standard,0.25095565902747136,5,0.0025222371564349237,Preprocessor1_Model38,random_forest,hybrid,241,1077,32,NA,NA,NA,NA
NA,NA,rmse,standard,0.299672106260832,5,0.003371432348826032,Preprocessor1_Model38,random_forest,hybrid,241,1077,32,NA,NA,NA,NA
NA,NA,mae,standard,0.25071961976741897,5,0.002606916492586561,Preprocessor1_Model39,random_forest,hybrid,247,1487,19,NA,NA,NA,NA
NA,NA,rmse,standard,0.2993745488380751,5,0.003356974016138221,Preprocessor1_Model39,random_forest,hybrid,247,1487,19,NA,NA,NA,NA
NA,NA,mae,standard,0.2508716906136707,5,0.002443216085782673,Preprocessor1_Model40,random_forest,hybrid,254,769,17,NA,NA,NA,NA
NA,NA,rmse,standard,0.2995907458123971,5,0.003322403741027567,Preprocessor1_Model40,random_forest,hybrid,254,769,17,NA,NA,NA,NA
NA,NA,mae,standard,0.24946440398427247,5,0.002058771352198485,Preprocessor1_Model01,xgboost,hybrid,1,821,38,6,0.08376776400682916,2.0309176209047348e-5,0.8153846153846154
NA,NA,rmse,standard,0.2985292763126612,5,0.0030978403945872614,Preprocessor1_Model01,xgboost,hybrid,1,821,38,6,0.08376776400682916,2.0309176209047348e-5,0.8153846153846154
NA,NA,mae,standard,0.24954638056939382,5,0.002507533287383766,Preprocessor1_Model02,xgboost,hybrid,7,1846,22,9,0.005071403956558132,0.009152473108773892,0.8384615384615385
NA,NA,rmse,standard,0.2981196537628014,5,0.00351672270348812,Preprocessor1_Model02,xgboost,hybrid,7,1846,22,9,0.005071403956558132,0.009152473108773892,0.8384615384615385
NA,NA,mae,standard,1.4626546206030338,5,0.0030756572964476636,Preprocessor1_Model03,xgboost,hybrid,13,1128,6,5,0.0018047217668271701,8.886238162743407e-8,0.42307692307692313
NA,NA,rmse,standard,1.4925333974297146,5,0.00235628373921242,Preprocessor1_Model03,xgboost,hybrid,13,1128,6,5,0.0018047217668271701,8.886238162743407e-8,0.42307692307692313
NA,NA,mae,standard,0.2910462655394593,5,0.0019304906757192184,Preprocessor1_Model04,xgboost,hybrid,20,513,16,13,0.20309176209047347,0.0011937766417144358,0.3769230769230769
NA,NA,rmse,standard,0.3563220946333526,5,0.0021221736779655563,Preprocessor1_Model04,xgboost,hybrid,20,513,16,13,0.20309176209047347,0.0011937766417144358,0.3769230769230769
NA,NA,mae,standard,5.450051719144294,5,0.002785405765731623,Preprocessor1_Model05,xgboost,hybrid,26,462,23,10,0.0015570684047537316,0.5379838403443697,0.3538461538461538
NA,NA,rmse,standard,5.458145245403857,5,0.0025994353594649476,Preprocessor1_Model05,xgboost,hybrid,26,462,23,10,0.0015570684047537316,0.5379838403443697,0.3538461538461538
NA,NA,mae,standard,1.2316005053076235,5,0.0032576232810395287,Preprocessor1_Model06,xgboost,hybrid,33,154,28,3,0.014251026703029978,1.1590510483144816e-8,0.3076923076923077
NA,NA,rmse,standard,1.2669415072565857,5,0.002410559834833275,Preprocessor1_Model06,xgboost,hybrid,33,154,28,3,0.014251026703029978,1.1590510483144816e-8,0.3076923076923077
NA,NA,mae,standard,0.25596297277260893,5,0.002139093812830937,Preprocessor1_Model07,xgboost,hybrid,39,872,20,15,0.006812920690579608,3.888155180308085e-10,0.6076923076923076
NA,NA,rmse,standard,0.3025178788338146,5,0.0031232033626726373,Preprocessor1_Model07,xgboost,hybrid,39,872,20,15,0.006812920690579608,3.888155180308085e-10,0.6076923076923076
NA,NA,mae,standard,0.2702826941837861,5,0.002591549636357716,Preprocessor1_Model08,xgboost,hybrid,46,1794,13,8,0.03455107294592218,0.01804721766827174,0.1
NA,NA,rmse,standard,0.3295924175179761,5,0.0037505246578573258,Preprocessor1_Model08,xgboost,hybrid,46,1794,13,8,0.03455107294592218,0.01804721766827174,0.1
NA,NA,mae,standard,0.25231221031512585,5,0.002762252245406573,Preprocessor1_Model09,xgboost,hybrid,52,1231,34,1,0.022189823414589707,0.27283333764867695,0.2846153846153846
NA,NA,rmse,standard,0.3027670872391732,5,0.003748781380033049,Preprocessor1_Model09,xgboost,hybrid,52,1231,34,1,0.022189823414589707,0.27283333764867695,0.2846153846153846
NA,NA,mae,standard,0.5173251488303754,5,9.98300782000246e-4,Preprocessor1_Model10,xgboost,hybrid,59,103,5,7,0.02980979396564726,2.6489692876105295e-6,0.9076923076923077
NA,NA,rmse,standard,0.5829334530186886,5,0.001268075961595685,Preprocessor1_Model10,xgboost,hybrid,59,103,5,7,0.02980979396564726,2.6489692876105295e-6,0.9076923076923077
NA,NA,mae,standard,0.27384779606536386,5,0.004423749697822541,Preprocessor1_Model11,xgboost,hybrid,65,1743,31,9,0.09709111468707549,7.666822074546223e-10,0.3307692307692308
NA,NA,rmse,standard,0.33542041934163735,5,0.0060104449736406475,Preprocessor1_Model11,xgboost,hybrid,65,1743,31,9,0.09709111468707549,7.666822074546223e-10,0.3307692307692308
NA,NA,mae,standard,0.24880265838692253,5,0.00272921937008403,Preprocessor1_Model12,xgboost,hybrid,72,1282,11,4,0.15117750706156616,31.622776601683793,0.7692307692307693
NA,NA,rmse,standard,0.29708603853898646,5,0.003597559346622147,Preprocessor1_Model12,xgboost,hybrid,72,1282,11,4,0.15117750706156616,31.622776601683793,0.7692307692307693
NA,NA,mae,standard,0.2854853006140299,5,0.004952607725976283,Preprocessor1_Model13,xgboost,hybrid,78,974,12,1,0.2728333376486767,1.7522244804127837e-7,0.5153846153846154
NA,NA,rmse,standard,0.3506784988368792,5,0.004658888819542367,Preprocessor1_Model13,xgboost,hybrid,78,974,12,1,0.2728333376486767,1.7522244804127837e-7,0.5153846153846154
NA,NA,mae,standard,2.509428912595221,5,0.002985895243943106,Preprocessor1_Model14,xgboost,hybrid,85,616,19,1,0.0024244620170823282,0.07017038286703836,0.8615384615384616
NA,NA,rmse,standard,2.5269595221331964,5,0.0025727438432928207,Preprocessor1_Model14,xgboost,hybrid,85,616,19,1,0.0024244620170823282,0.07017038286703836,0.8615384615384616
NA,NA,mae,standard,0.2584980473629419,5,0.0027147101291333103,Preprocessor1_Model15,xgboost,hybrid,91,1897,3,8,0.07227271320676178,4.5065703377454686e-8,0.7461538461538462
NA,NA,rmse,standard,0.31128872642409255,5,0.0030132759620718555,Preprocessor1_Model15,xgboost,hybrid,91,1897,3,8,0.07227271320676178,4.5065703377454686e-8,0.7461538461538462
NA,NA,mae,standard,2.2858594240698302,5,0.0029885439286283077,Preprocessor1_Model16,xgboost,hybrid,98,1589,39,5,0.001,1.3433993325989015e-6,0.49230769230769234
NA,NA,rmse,standard,2.3050911369460603,5,0.002532560637460806,Preprocessor1_Model16,xgboost,hybrid,98,1589,39,5,0.001,1.3433993325989015e-6,0.49230769230769234
NA,NA,mae,standard,0.2532970870389159,5,0.0023865418611504386,Preprocessor1_Model17,xgboost,hybrid,104,1333,24,3,0.009152473108773892,1.9718405565126458e-10,0.9769230769230769
NA,NA,rmse,standard,0.30428798107033683,5,0.0031249266445953364,Preprocessor1_Model17,xgboost,hybrid,104,1333,24,3,0.009152473108773892,1.9718405565126458e-10,0.9769230769230769
NA,NA,mae,standard,0.2559893483317996,5,0.002451800634347654,Preprocessor1_Model18,xgboost,hybrid,111,923,2,12,0.0058780160722749115,4.124626382901348,0.7000000000000001
NA,NA,rmse,standard,0.30114723988400605,5,0.0031136820966254026,Preprocessor1_Model18,xgboost,hybrid,111,923,2,12,0.0058780160722749115,4.124626382901348,0.7000000000000001
NA,NA,mae,standard,0.2519459729898364,5,0.0023888577576250676,Preprocessor1_Model19,xgboost,hybrid,117,1487,37,14,0.04004645731836125,1.0608183551394483,0.46923076923076923
NA,NA,rmse,standard,0.3024553520169059,5,0.003408610596182197,Preprocessor1_Model19,xgboost,hybrid,117,1487,37,14,0.04004645731836125,1.0608183551394483,0.46923076923076923
NA,NA,mae,standard,4.0738150896582095,5,0.002905815039865562,Preprocessor1_Model20,xgboost,hybrid,124,359,35,11,0.002810075242497918,1.0299603658099899e-5,0.9307692307692308
NA,NA,rmse,standard,4.084636672526216,5,0.002654529985264679,Preprocessor1_Model20,xgboost,hybrid,124,359,35,11,0.002810075242497918,1.0299603658099899e-5,0.9307692307692308
NA,NA,mae,standard,0.2537165348786684,5,0.0036003767139420836,Preprocessor1_Model21,xgboost,hybrid,130,308,4,4,0.025719138090593445,0.1383648068032458,0.19230769230769232
NA,NA,rmse,standard,0.30489123393390044,5,0.004276076324889036,Preprocessor1_Model21,xgboost,hybrid,130,308,4,4,0.025719138090593445,0.1383648068032458,0.19230769230769232
NA,NA,mae,standard,10.482053286031196,5,0.002392266461302711,Preprocessor1_Model22,xgboost,hybrid,137,1,30,7,0.062355073412739125,16.037187437513342,0.676923076923077
NA,NA,rmse,standard,10.486263618742363,5,0.0022953259936200517,Preprocessor1_Model22,xgboost,hybrid,137,1,30,7,0.062355073412739125,16.037187437513342,0.676923076923077
NA,NA,mae,standard,0.46890968840065794,5,9.135196142457991e-4,Preprocessor1_Model23,xgboost,hybrid,143,411,36,11,0.007896522868499725,6.812920690579622e-7,0.12307692307692308
NA,NA,rmse,standard,0.5334036960676564,5,0.0010316787010738143,Preprocessor1_Model23,xgboost,hybrid,143,411,36,11,0.007896522868499725,6.812920690579622e-7,0.12307692307692308
NA,NA,mae,standard,0.26768399395547277,5,0.002156655724441168,Preprocessor1_Model24,xgboost,hybrid,150,1077,21,13,0.23539371975499856,7.896522868499733e-5,1
NA,NA,rmse,standard,0.32366737178825394,5,0.0025124475694971973,Preprocessor1_Model24,xgboost,hybrid,150,1077,21,13,0.23539371975499856,7.896522868499733e-5,1
NA,NA,mae,standard,1.2395028973068578,5,0.0030881914103037754,Preprocessor1_Model25,xgboost,hybrid,156,1641,15,14,0.0013433993325989001,4.004645731836131e-5,0.26153846153846155
NA,NA,rmse,standard,1.2746236601698515,5,0.0022543984861648244,Preprocessor1_Model25,xgboost,hybrid,156,1641,15,14,0.0013433993325989001,4.004645731836131e-5,0.26153846153846155
NA,NA,mae,standard,0.26669053363941303,5,0.003063885404115168,Preprocessor1_Model26,xgboost,hybrid,163,718,2,10,0.046415888336127774,2.9809793965647276e-9,0.23846153846153847
NA,NA,rmse,standard,0.32255046628187184,5,0.004082910724314499,Preprocessor1_Model26,xgboost,hybrid,163,718,2,10,0.046415888336127774,2.9809793965647276e-9,0.23846153846153847
NA,NA,mae,standard,0.251168433815636,5,0.002673377042435675,Preprocessor1_Model27,xgboost,hybrid,169,1948,9,2,0.0037750532053243916,0.004641588833612782,0.5615384615384615
NA,NA,rmse,standard,0.29955619886482154,5,0.00344188150691089,Preprocessor1_Model27,xgboost,hybrid,169,1948,9,2,0.0037750532053243916,0.004641588833612782,0.5615384615384615
NA,NA,mae,standard,0.2710921312345944,5,0.002885923516597471,Preprocessor1_Model28,xgboost,hybrid,176,2000,33,4,0.1304321386719004,3.0702906297578496e-4,0.7230769230769231
NA,NA,rmse,standard,0.3284822937453048,5,0.003273918652860848,Preprocessor1_Model28,xgboost,hybrid,176,2000,33,4,0.1304321386719004,3.0702906297578496e-4,0.7230769230769231
NA,NA,mae,standard,0.2720840271485464,5,0.0018579350224192592,Preprocessor1_Model29,xgboost,hybrid,182,257,25,7,0.17522244804127837,1e-10,0.6538461538461539
NA,NA,rmse,standard,0.32934686938263863,5,0.003325029765022089,Preprocessor1_Model29,xgboost,hybrid,182,257,25,7,0.17522244804127837,1e-10,0.6538461538461539
NA,NA,mae,standard,10.524864584401556,5,0.0025170842120599145,Preprocessor1_Model30,xgboost,hybrid,189,52,14,5,0.0011590510483144817,3.4551072945922185e-7,0.4461538461538461
NA,NA,rmse,standard,10.529057801432412,5,0.0024212512177385474,Preprocessor1_Model30,xgboost,hybrid,189,52,14,5,0.0011590510483144817,3.4551072945922185e-7,0.4461538461538461
NA,NA,mae,standard,0.6026051725955848,5,0.020240464650459287,Preprocessor1_Model31,xgboost,hybrid,195,769,29,6,0.31622776601683794,6.054123584037269e-4,0.14615384615384616
NA,NA,rmse,standard,0.7518117042288983,5,0.019677663045740746,Preprocessor1_Model31,xgboost,hybrid,195,769,29,6,0.31622776601683794,6.054123584037269e-4,0.14615384615384616
NA,NA,mae,standard,0.2543732005421792,5,0.003328327706447436,Preprocessor1_Model32,xgboost,hybrid,202,1436,18,2,0.010608183551394482,1.51177507061566e-9,0.16923076923076924
NA,NA,rmse,standard,0.30611103010280866,5,0.004535811384472389,Preprocessor1_Model32,xgboost,hybrid,202,1436,18,2,0.010608183551394482,1.51177507061566e-9,0.16923076923076924
NA,NA,mae,standard,0.9496602171725071,5,0.0030087453203122803,Preprocessor1_Model33,xgboost,hybrid,208,1179,7,9,0.002091764655756995,2.285463864134993e-8,0.8846153846153847
NA,NA,rmse,standard,0.9951292296908812,5,0.001896929604125182,Preprocessor1_Model33,xgboost,hybrid,208,1179,7,9,0.002091764655756995,2.285463864134993e-8,0.8846153846153847
NA,NA,mae,standard,0.2520099090948323,5,0.0026039986359071296,Preprocessor1_Model34,xgboost,hybrid,215,1384,27,8,0.004375479375074184,2.0917646557569993,0.9538461538461539
NA,NA,rmse,standard,0.2982400679121614,5,0.0033669747885982913,Preprocessor1_Model34,xgboost,hybrid,215,1384,27,8,0.004375479375074184,2.0917646557569993,0.9538461538461539
NA,NA,mae,standard,0.25064578348769817,5,0.00274433569957481,Preprocessor1_Model35,xgboost,hybrid,221,564,40,2,0.012295426265956222,5.223345074266844e-6,0.6307692307692307
NA,NA,rmse,standard,0.2989060641586909,5,0.003512566574962938,Preprocessor1_Model35,xgboost,hybrid,221,564,40,2,0.012295426265956222,5.223345074266844e-6,0.6307692307692307
NA,NA,mae,standard,0.433202391114057,5,0.0011490944305032106,Preprocessor1_Model36,xgboost,hybrid,228,1026,26,6,0.0032570206556597828,8.133105582266936,0.2153846153846154
NA,NA,rmse,standard,0.49686601086360027,5,9.287037259242336e-4,Preprocessor1_Model36,xgboost,hybrid,228,1026,26,6,0.0032570206556597828,8.133105582266936,0.2153846153846154
NA,NA,mae,standard,0.2730644914327944,5,0.0029815546256042654,Preprocessor1_Model37,xgboost,hybrid,234,1692,10,10,0.11253355826007645,0.035586235730509654,0.4
NA,NA,rmse,standard,0.330492684738522,5,0.0032044568083510598,Preprocessor1_Model37,xgboost,hybrid,234,1692,10,10,0.11253355826007645,0.035586235730509654,0.4
NA,NA,mae,standard,0.31966921952405447,5,0.0014462925245891326,Preprocessor1_Model38,xgboost,hybrid,241,206,17,15,0.019144819761699575,0.0023539371975499906,0.5384615384615384
NA,NA,rmse,standard,0.37163300738042365,5,0.0013313706731090278,Preprocessor1_Model38,xgboost,hybrid,241,206,17,15,0.019144819761699575,0.0023539371975499906,0.5384615384615384
NA,NA,mae,standard,0.2597031688781068,5,0.0014878363992769776,Preprocessor1_Model39,xgboost,hybrid,247,1538,32,12,0.016517667439704575,5.878016072274924e-9,0.5846153846153846
NA,NA,rmse,standard,0.31287814871489555,5,0.0025626878150290747,Preprocessor1_Model39,xgboost,hybrid,247,1538,32,12,0.016517667439704575,5.878016072274924e-9,0.5846153846153846
NA,NA,mae,standard,0.26247891552041364,5,0.002629718301841751,Preprocessor1_Model40,xgboost,hybrid,254,667,8,3,0.05379838403443684,1.5570684047537317e-4,0.7923076923076923
NA,NA,rmse,standard,0.31741748350092686,5,0.003575473622860689,Preprocessor1_Model40,xgboost,hybrid,254,667,8,3,0.05379838403443684,1.5570684047537317e-4,0.7923076923076923
