job_id,dominant_topic
1,4
2,1
3,5
4,1
5,2
6,4
7,4
8,5
9,4
10,3
11,3
12,3
13,4
14,1
15,3
16,1
17,1
18,1
19,2
20,1
21,2
22,1
23,1
24,1
25,5
26,5
27,1
28,5
29,5
30,2
31,3
32,2
33,3
34,2
35,4
36,1
37,5
38,2
39,3
40,4
41,3
42,1
43,5
44,1
45,1
46,4
47,5
48,4
49,2
50,3
51,3
52,2
53,5
54,5
55,1
56,1
57,3
58,3
59,3
60,2
61,4
62,5
63,2
64,5
65,2
66,3
67,1
68,4
69,3
70,1
71,4
72,5
73,2
74,1
75,3
76,4
77,1
78,5
79,5
80,2
81,5
82,4
83,3
84,4
85,1
86,1
87,2
88,1
89,1
90,5
91,2
92,4
93,3
94,1
95,4
96,5
97,5
98,5
99,3
100,3
101,1
102,1
103,5
104,4
105,3
106,4
107,4
108,3
109,1
110,1
111,2
112,4
113,5
114,4
115,4
116,3
117,3
118,1
119,2
120,4
121,5
122,2
123,3
124,2
125,3
126,2
127,3
128,1
129,3
130,2
131,4
132,3
133,1
134,1
135,3
136,4
137,3
138,4
139,1
140,3
141,4
142,3
143,1
144,4
145,4
146,1
147,5
148,4
149,3
150,3
151,3
152,3
153,3
154,1
155,4
156,2
157,1
158,2
159,4
160,1
161,1
162,1
163,2
164,3
165,3
166,1
167,3
168,4
169,2
170,3
171,3
172,1
173,1
174,2
175,3
176,2
177,1
178,2
179,1
180,2
181,3
182,4
183,1
184,4
185,2
186,3
187,1
188,4
189,3
190,4
191,1
192,1
193,2
194,5
195,5
196,2
197,3
198,5
199,2
200,3
201,1
202,3
203,5
204,1
205,3
206,2
207,3
208,1
209,2
210,2
211,3
212,5
213,2
214,2
215,2
216,1
217,5
218,1
219,2
220,4
221,2
222,1
223,2
224,3
225,2
226,3
227,2
228,2
229,1
230,2
231,1
232,3
233,4
234,3
235,5
236,5
237,1
238,2
239,1
240,4
241,2
242,3
243,1
244,1
245,5
246,1
247,1
248,1
249,5
250,3
251,2
252,1
253,3
254,4
255,1
256,2
257,2
258,4
259,1
260,4
261,1
262,5
263,3
264,3
265,4
266,4
267,4
268,4
269,1
270,3
271,4
272,3
273,2
274,2
275,1
276,5
277,1
278,5
279,3
280,3
281,2
282,3
283,3
284,3
285,1
286,1
287,1
288,5
289,2
290,4
291,3
292,1
293,3
294,3
295,3
296,3
297,1
298,5
299,4
300,3
301,3
302,4
303,4
304,5
305,1
306,4
307,3
308,1
309,3
310,4
311,3
312,4
313,5
314,5
315,1
316,1
317,1
318,2
319,2
320,3
321,2
322,1
323,4
324,5
325,3
326,4
327,4
328,4
329,2
330,5
331,2
332,3
333,3
334,2
335,2
336,3
337,4
338,3
339,5
340,5
341,2
342,4
343,2
344,4
345,3
346,4
347,2
348,2
349,5
350,4
351,5
352,2
353,5
354,4
355,2
356,2
357,1
358,2
359,5
360,3
361,2
362,1
363,3
364,4
365,5
366,5
367,1
368,4
369,1
370,1
371,3
372,1
373,5
374,4
375,3
376,4
377,1
378,3
379,3
380,1
381,4
382,2
383,2
384,3
385,4
386,3
387,2
388,1
389,3
390,4
391,1
392,1
393,4
394,4
395,5
396,5
397,2
398,1
399,4
400,4
401,5
402,3
403,1
404,3
405,3
406,4
407,3
408,4
409,4
410,2
411,2
412,5
413,2
414,1
415,5
416,2
417,1
418,2
419,4
420,3
421,3
422,3
423,1
424,1
425,1
426,3
427,2
428,4
429,3
430,1
431,3
432,3
433,1
434,3
435,1
436,2
437,1
438,1
439,1
440,4
441,1
442,1
443,2
444,2
445,3
446,2
447,1
448,1
449,2
450,2
451,1
452,1
453,2
454,1
455,3
456,3
457,2
458,3
459,4
460,1
461,1
462,2
463,4
464,3
465,2
466,5
467,3
468,4
469,1
470,4
471,1
472,3
473,5
474,1
475,4
476,3
477,1
478,1
479,2
480,1
481,4
482,2
483,4
484,3
485,2
486,4
487,3
488,4
489,3
490,4
491,1
492,1
493,2
494,3
495,4
496,1
497,4
498,2
499,5
500,3
501,3
502,2
503,1
504,5
505,4
506,3
507,2
508,2
509,4
510,4
511,4
512,1
513,4
514,3
515,4
516,2
517,2
518,5
519,3
520,3
521,2
522,1
523,5
524,4
525,5
526,3
527,3
528,1
529,4
530,1
531,3
532,3
533,5
534,4
535,4
536,3
537,4
538,3
539,4
540,5
541,2
542,5
543,2
544,5
545,3
546,1
547,1
548,3
549,4
550,2
551,4
552,2
553,5
554,1
555,3
556,4
557,5
558,5
559,1
560,4
561,5
562,1
563,4
564,1
565,5
566,2
567,2
568,3
569,4
570,3
571,2
572,5
573,2
574,1
575,1
576,5
577,3
578,1
579,4
580,4
581,3
582,1
583,4
584,4
585,5
586,2
587,1
588,5
589,2
590,1
591,3
592,1
593,1
594,2
595,1
596,2
597,1
598,1
599,2
600,2
601,1
602,4
603,3
604,1
605,4
606,3
607,5
608,2
609,1
610,4
611,1
612,5
613,4
614,4
615,3
616,5
617,1
618,5
619,3
620,4
621,1
622,2
623,2
624,1
625,1
626,1
627,5
628,3
629,2
630,3
631,1
632,1
633,2
634,2
635,4
636,3
637,3
638,1
639,4
640,3
641,2
642,3
643,1
644,1
645,4
646,5
647,4
648,1
649,1
650,1
651,3
652,3
653,1
654,3
655,3
656,2
657,5
658,1
659,3
660,3
661,2
662,4
663,4
664,1
665,4
666,3
667,4
668,4
669,3
670,4
671,2
672,3
673,3
674,2
675,5
676,4
677,5
678,4
679,4
680,2
681,1
682,3
683,3
684,2
685,3
686,4
687,4
688,5
689,1
690,4
691,3
692,4
693,1
694,2
695,3
696,2
697,3
698,3
699,4
700,3
701,1
702,3
703,3
704,3
705,3
706,1
707,5
708,1
709,1
710,1
711,4
712,2
713,5
714,2
715,3
716,3
717,3
718,4
719,4
720,4
721,4
722,3
723,1
724,4
725,4
726,1
727,5
728,1
729,2
730,4
731,1
732,3
733,3
734,4
735,3
736,2
737,4
738,1
739,5
740,3
741,4
742,2
743,2
744,3
745,3
746,1
747,4
748,2
749,3
750,1
751,2
752,5
753,2
754,2
755,1
756,2
757,3
758,4
759,1
760,3
761,4
762,1
763,4
764,3
765,1
766,1
767,4
768,5
769,3
770,3
771,3
772,3
773,5
774,4
775,3
776,2
777,5
778,2
779,1
780,5
781,1
782,5
783,2
784,3
785,3
786,1
787,2
788,3
789,1
790,4
791,1
792,4
793,3
794,3
795,3
796,3
797,4
798,3
799,3
800,1
801,4
802,3
803,4
804,3
805,4
806,1
807,4
808,3
809,4
810,3
811,3
812,1
813,2
814,3
815,3
816,5
817,3
818,2
819,5
820,4
821,5
822,1
823,5
824,3
825,1
826,3
827,3
828,4
829,2
830,3
831,5
832,5
833,3
834,1
835,4
836,5
837,4
838,1
839,1
840,2
841,1
842,5
843,4
844,5
845,4
846,4
847,4
848,2
849,1
850,3
851,3
852,3
853,3
854,3
855,2
856,1
857,4
858,5
859,2
860,3
861,4
862,3
863,2
864,3
865,3
866,5
867,5
868,3
869,5
870,1
871,4
872,4
873,5
874,2
875,3
876,3
877,4
878,2
879,3
880,2
881,1
882,3
883,4
884,4
885,1
886,1
887,2
888,3
889,4
890,4
891,1
892,3
893,1
894,4
895,3
896,3
897,5
898,3
899,5
900,3
901,2
902,1
903,4
904,3
905,1
906,4
907,5
908,1
909,1
910,4
911,4
912,1
913,3
914,1
915,3
916,1
917,3
918,2
919,3
920,1
921,3
922,1
923,3
924,4
925,3
926,4
927,5
928,3
929,5
930,4
931,3
932,1
933,2
934,3
935,1
936,4
937,1
938,5
939,3
940,3
941,3
942,2
943,5
944,3
945,2
946,4
947,1
948,2
949,1
950,2
951,1
952,1
953,4
954,1
955,5
956,1
957,5
958,1
959,4
960,3
961,2
962,3
963,5
964,5
965,4
966,2
967,4
968,1
969,4
970,1
971,3
972,4
973,3
974,2
975,4
976,5
977,3
978,1
979,4
980,2
981,1
982,4
983,3
984,5
985,5
986,5
987,5
988,2
989,2
990,2
991,3
992,3
993,2
994,3
995,3
996,2
997,3
998,3
999,2
1000,5
1001,1
1002,5
1003,2
1004,1
1005,4
1006,3
1007,2
1008,4
1009,3
1010,2
1011,5
1012,4
1013,5
1014,1
1015,1
1016,3
1017,2
1018,5
1019,3
1020,5
1021,1
1022,1
1023,3
1024,5
1025,1
1026,4
1027,4
1028,1
1029,4
1030,5
1031,1
1032,1
1033,2
1034,1
1035,5
1036,3
1037,1
1038,2
1039,4
1040,3
1041,3
1042,2
1043,3
1044,2
1045,4
1046,3
1047,3
1048,4
1049,4
1050,4
1051,2
1052,3
1053,5
1054,3
1055,2
1056,5
1057,4
1058,3
1059,5
1060,2
1061,2
1062,4
1063,5
1064,5
1065,3
1066,4
1067,3
1068,2
1069,1
1070,3
1071,5
1072,3
1073,5
1074,4
1075,3
1076,2
1077,5
1078,4
1079,5
1080,4
1081,4
1082,3
1083,4
1084,4
1085,3
1086,3
1087,4
1088,4
1089,4
1090,3
1091,2
1092,1
1093,5
1094,3
1095,3
1096,5
1097,4
1098,1
1099,2
1100,1
1101,4
1102,2
1103,5
1104,1
1105,4
1106,2
1107,2
1108,1
1109,1
1110,5
1111,1
1112,5
1113,1
1114,3
1115,2
1116,2
1117,4
1118,1
1119,2
1120,3
1121,1
1122,1
1123,3
1124,4
1125,2
1126,1
1127,1
1128,4
1129,5
1130,5
1131,4
1132,1
1133,3
1134,2
1135,5
1136,4
1137,5
1138,1
1139,5
1140,1
1141,1
1142,4
1143,1
1144,4
1145,4
1146,5
1147,4
1148,2
1149,1
1150,3
1151,2
1152,5
1153,1
1154,3
1155,4
1156,1
1157,4
1158,5
1159,4
1160,4
1161,1
1162,2
1163,3
1164,2
1165,3
1166,2
1167,4
1168,2
1169,2
1170,1
1171,5
1172,2
1173,4
1174,4
1175,5
1176,4
1177,4
1178,1
1179,3
1180,1
1181,5
1182,2
1183,2
1184,4
1185,3
1186,2
1187,2
1188,2
1189,4
1190,3
1191,1
1192,2
1193,2
1194,4
1195,1
1196,5
1197,3
1198,4
1199,2
1200,3
1201,3
1202,1
1203,3
1204,3
1205,5
1206,3
1207,5
1208,3
1209,1
1210,4
1211,2
1212,1
1213,3
1214,1
1215,1
1216,4
1217,2
1218,4
1219,4
1220,4
1221,1
1222,2
1223,2
1224,4
1225,1
1226,1
1227,4
1228,1
1229,1
1230,1
1231,3
1232,2
1233,1
1234,1
1235,2
1236,4
1237,3
1238,4
1239,4
1240,2
1241,1
1242,4
1243,1
1244,3
1245,2
1246,3
1247,4
1248,3
1249,5
1250,3
1251,5
1252,2
1253,1
1254,1
1255,3
1256,3
1257,1
1258,2
1259,1
1260,2
1261,1
1262,3
1263,1
1264,4
1265,2
1266,4
1267,1
1268,1
1269,1
1270,2
1271,2
1272,4
1273,5
1274,3
1275,2
1276,4
1277,4
1278,4
1279,1
1280,1
1281,1
1282,3
1283,1
1284,3
1285,5
1286,2
1287,1
1288,2
1289,5
1290,4
1291,1
1292,4
1293,3
1294,4
1295,2
1296,3
1297,5
1298,1
1299,3
1300,2
1301,4
1302,2
1303,1
1304,3
1305,4
1306,1
1307,4
1308,3
1309,4
1310,1
1311,4
1312,3
1313,2
1314,2
1315,2
1316,5
1317,4
1318,4
1319,1
1320,3
1321,1
1322,1
1323,2
1324,4
1325,4
1326,3
1327,1
1328,2
1329,2
1330,2
1331,1
1332,2
1333,3
1334,5
1335,3
1336,1
1337,3
1338,3
1339,5
1340,2
1341,3
1342,3
1343,5
1344,4
1345,2
1346,4
1347,3
1348,4
1349,3
1350,1
1351,1
1352,4
1353,2
1354,5
1355,1
1356,4
1357,4
1358,3
1359,2
1360,2
1361,5
1362,5
1363,1
1364,3
1365,2
1366,3
1367,5
1368,5
1369,2
1370,2
1371,5
1372,2
1373,2
1374,3
1375,5
1376,5
1377,3
1378,1
1379,4
1380,1
1381,5
1382,3
1383,4
1384,1
1385,3
1386,4
1387,3
1388,2
1389,3
1390,5
1391,1
1392,2
1393,5
1394,3
1395,1
1396,3
1397,5
1398,1
1399,5
1400,2
1401,4
1402,5
1403,1
1404,2
1405,1
1406,2
1407,5
1408,4
1409,1
1410,3
1411,4
1412,1
1413,2
1414,1
1415,3
1416,2
1417,2
1418,3
1419,3
1420,4
1421,4
1422,4
1423,3
1424,2
1425,4
1426,5
1427,3
1428,3
1429,3
1430,3
1431,1
1432,4
1433,3
1434,2
1435,1
1436,2
1437,4
1438,2
1439,4
1440,1
1441,1
1442,2
1443,4
1444,2
1445,3
1446,3
1447,4
1448,1
1449,5
1450,3
1451,3
1452,5
1453,2
1454,1
1455,1
1456,1
1457,2
1458,5
1459,4
1460,1
1461,1
1462,5
1463,1
1464,2
1465,5
1466,4
1467,1
1468,4
1469,1
1470,4
1471,3
1472,5
1473,1
1474,2
1475,5
1476,4
1477,3
1478,5
1479,1
1480,4
1481,5
1482,5
1483,1
1484,2
1485,4
1486,1
1487,4
1488,3
1489,3
1490,4
1491,3
1492,1
1493,2
1494,3
1495,1
1496,1
1497,3
1498,3
1499,1
1500,1
1501,1
1502,2
1503,1
1504,1
1505,4
1506,1
1507,3
1508,4
1509,2
1510,2
1511,4
1512,2
1513,4
1514,1
1515,4
1516,1
1517,5
1518,4
1519,1
1520,3
1521,4
1522,4
1523,2
1524,1
1525,4
1526,1
1527,5
1528,1
1529,1
1530,3
1531,3
1532,3
1533,4
1534,4
1535,4
1536,4
1537,1
1538,3
1539,1
1540,1
1541,1
1542,2
1543,1
1544,1
1545,1
1546,3
1547,2
1548,2
1549,5
1550,4
1551,5
1552,3
1553,4
1554,3
1555,2
1556,5
1557,3
1558,3
1559,1
1560,4
1561,3
1562,3
1563,4
1564,2
1565,4
1566,1
1567,5
1568,3
1569,3
1570,2
1571,1
1572,1
1573,3
1574,1
1575,1
1576,4
1577,3
1578,1
1579,2
1580,3
1581,5
1582,5
1583,3
1584,2
1585,3
1586,3
1587,1
1588,2
1589,1
1590,3
1591,1
1592,1
1593,2
1594,4
1595,3
1596,3
1597,5
1598,4
1599,4
1600,3
1601,4
1602,1
1603,3
1604,3
1605,3
1606,1
1607,5
1608,2
1609,4
1610,5
1611,4
1612,2
1613,1
1614,2
1615,1
1616,3
1617,2
1618,5
1619,4
1620,1
1621,3
1622,3
1623,4
1624,5
1625,2
1626,4
1627,1
1628,1
1629,2
1630,1
1631,3
1632,4
1633,5
1634,4
1635,5
1636,1
1637,5
1638,1
1639,3
1640,2
1641,3
1642,4
1643,3
1644,2
1645,2
1646,5
1647,4
1648,1
1649,2
1650,1
1651,3
1652,4
1653,4
1654,4
1655,4
1656,2
1657,4
1658,5
1659,3
1660,2
1661,4
1662,4
1663,4
1664,2
1665,5
1666,1
1667,2
1668,1
1669,4
1670,3
1671,3
1672,1
1673,3
1674,4
1675,3
1676,1
1677,2
1678,4
1679,4
1680,4
1681,5
1682,5
1683,5
1684,1
1685,1
1686,2
1687,3
1688,4
1689,5
1690,4
1691,1
1692,2
1693,3
1694,3
1695,1
1696,1
1697,3
1698,2
1699,4
1700,1
1701,3
1702,4
1703,2
1704,1
1705,1
1706,4
1707,1
1708,2
1709,2
1710,4
1711,5
1712,1
1713,2
1714,1
1715,4
1716,2
1717,5
1718,4
1719,2
1720,1
1721,3
1722,5
1723,3
1724,1
1725,3
1726,3
1727,2
1728,3
1729,2
1730,2
1731,4
1732,5
1733,3
1734,1
1735,1
1736,4
1737,5
1738,2
1739,1
1740,2
1741,3
1742,1
1743,5
1744,5
1745,5
1746,3
1747,2
1748,1
1749,3
1750,2
1751,2
1752,4
1753,1
1754,1
1755,1
1756,3
1757,5
1758,5
1759,4
1760,4
1761,4
1762,2
1763,4
1764,5
1765,4
1766,1
1767,1
1768,2
1769,3
1770,5
1771,4
1772,1
1773,4
1774,5
1775,4
1776,4
1777,4
1778,1
1779,1
1780,5
1781,4
1782,5
1783,4
1784,2
1785,1
1786,2
1787,5
1788,4
1789,2
1790,1
1791,2
1792,5
1793,5
1794,5
1795,1
1796,5
1797,1
1798,3
1799,4
1800,2
1801,4
1802,3
1803,4
1804,1
1805,5
1806,4
1807,3
1808,3
1809,1
1810,2
1811,3
1812,2
1813,5
1814,1
1815,1
1816,3
1817,4
1818,1
1819,5
1820,1
1821,5
1822,3
1823,1
1824,3
1825,1
1826,5
1827,2
1828,2
1829,1
1830,4
1831,4
1832,5
1833,3
1834,2
1835,2
1836,1
1837,4
1838,4
1839,4
1840,4
1841,1
1842,5
1843,1
1844,2
1845,2
1846,1
1847,2
1848,2
1849,1
1850,3
1851,1
1852,5
1853,3
1854,1
1855,3
1856,1
1857,2
1858,4
1859,5
1860,4
1861,4
1862,1
1863,4
1864,2
1865,4
1866,4
1867,3
1868,5
1869,4
1870,1
1871,5
1872,4
1873,3
1874,1
1875,3
1876,3
1877,3
1878,1
1879,2
1880,2
1881,2
1882,4
1883,5
1884,5
1885,2
1886,3
1887,1
1888,3
1889,3
1890,4
1891,3
1892,3
1893,3
1894,1
1895,1
1896,3
1897,2
1898,3
1899,1
1900,5
1901,1
1902,1
1903,3
1904,3
1905,4
1906,1
1907,4
1908,4
1909,2
1910,3
1911,4
1912,1
1913,1
1914,3
1915,3
1916,4
1917,4
1918,1
1919,2
1920,3
1921,1
1922,2
1923,1
1924,3
1925,5
1926,1
1927,2
1928,4
1929,1
1930,4
1931,4
1932,1
1933,3
1934,4
1935,3
1936,2
1937,5
1938,1
1939,3
1940,1
1941,3
1942,5
1943,4
1944,5
1945,2
1946,4
1947,2
1948,2
1949,3
1950,1
1951,4
1952,3
1953,5
1954,1
1955,4
1956,4
1957,3
1958,5
1959,4
1960,2
1961,2
1962,4
1963,1
1964,3
1965,3
1966,1
1967,4
1968,5
1969,3
1970,2
1971,2
1972,4
1973,2
1974,2
1975,4
1976,3
1977,5
1978,1
1979,1
1980,3
1981,5
1982,4
1983,3
1984,3
1985,1
1986,1
1987,4
1988,4
1989,1
1990,4
1991,3
1992,1
1993,3
1994,2
1995,2
1996,5
1997,1
1998,1
1999,4
2000,2
