job_id,cluster_kmeans,cluster_spectral
1,1,2
2,2,1
3,3,3
4,3,3
5,1,2
6,3,3
7,1,2
8,1,2
9,2,1
10,2,1
11,1,2
12,2,1
13,2,1
14,3,3
15,2,1
16,2,1
17,2,1
18,3,3
19,1,2
20,2,1
21,3,3
22,3,3
23,2,1
24,2,1
25,2,1
26,2,1
27,3,3
28,1,2
29,1,2
30,1,2
31,3,3
32,1,2
33,3,3
34,2,1
35,2,1
36,2,1
37,3,3
38,2,1
39,1,2
40,1,2
41,3,3
42,2,1
43,3,3
44,3,3
45,3,3
46,2,1
47,1,2
48,2,1
49,2,1
50,2,1
51,3,3
52,2,1
53,1,2
54,3,3
55,3,3
56,2,1
57,1,2
58,2,1
59,3,3
60,3,3
61,1,2
62,3,3
63,2,1
64,3,3
65,3,3
66,3,3
67,3,3
69,1,2
70,1,2
71,2,1
72,3,3
73,1,2
74,2,1
75,2,1
76,3,3
77,3,3
78,2,1
79,3,3
80,2,1
81,3,3
82,1,2
83,3,3
84,1,2
85,2,1
86,1,2
87,3,3
88,3,3
89,3,3
90,3,3
91,2,1
92,1,2
93,2,1
94,2,1
95,2,1
96,2,1
97,3,3
98,2,1
99,1,2
100,2,1
101,2,1
102,1,2
103,3,3
104,1,2
105,2,1
106,2,1
107,2,1
108,3,3
109,2,1
110,3,3
111,3,3
112,3,3
113,2,1
114,1,2
115,3,3
116,2,1
117,1,2
118,1,2
119,2,1
120,2,1
121,3,3
122,3,3
123,2,1
124,3,3
125,2,1
126,2,1
127,3,3
128,3,3
129,2,1
130,1,2
131,2,1
132,2,1
133,3,3
134,3,3
135,1,2
136,2,1
137,2,1
138,3,3
139,3,3
140,1,2
141,3,3
142,2,1
143,3,3
144,1,2
145,1,2
146,2,1
147,3,3
148,2,1
149,1,2
150,2,1
151,3,3
152,2,1
153,3,3
154,3,3
155,2,1
156,1,2
157,2,1
158,2,1
159,3,3
160,1,2
161,3,3
162,2,1
163,2,1
164,2,1
165,3,3
166,2,1
167,2,1
168,1,2
169,1,2
170,2,1
171,3,3
172,3,3
173,1,2
174,3,3
175,3,3
176,2,1
177,3,3
178,3,3
179,3,3
180,3,3
181,1,2
182,2,1
183,3,3
184,3,3
185,2,1
186,1,2
187,3,3
188,2,1
189,1,2
190,3,3
191,1,2
192,3,3
193,2,1
194,1,2
195,3,3
196,2,1
197,3,3
198,1,2
199,3,3
200,3,3
201,1,2
202,3,3
203,2,1
205,1,2
206,1,2
207,2,1
208,3,3
209,3,3
210,1,2
211,2,1
212,3,3
213,1,2
214,3,3
215,1,2
216,2,1
217,2,1
218,3,3
219,3,3
220,3,3
221,2,1
222,1,2
223,3,3
224,1,2
225,3,3
226,2,1
227,3,3
228,3,3
229,3,3
230,3,3
231,3,3
232,3,3
233,2,1
234,1,2
235,2,1
236,3,3
237,3,3
238,3,3
239,3,3
240,3,3
241,1,2
243,2,1
244,1,2
245,1,2
246,1,2
247,3,3
248,1,2
249,3,3
250,1,2
251,3,3
252,2,1
253,2,1
254,1,2
255,3,3
256,3,3
257,3,3
258,2,1
259,3,3
260,2,1
261,1,2
262,1,2
264,1,2
265,1,2
267,1,2
268,3,3
269,3,3
270,3,3
271,3,3
272,2,1
273,1,2
274,2,1
275,3,3
276,2,1
277,1,2
278,3,3
279,2,1
280,3,3
281,1,2
282,1,2
283,2,1
284,1,2
285,2,1
286,1,2
287,3,3
288,1,2
289,3,3
290,2,1
292,3,3
293,3,3
294,1,2
295,3,3
296,1,2
297,1,2
298,1,2
299,2,1
300,3,3
301,1,2
302,3,3
303,1,2
304,2,1
305,3,3
306,3,3
307,1,2
308,2,1
309,1,2
310,2,1
311,2,1
312,1,2
313,1,2
314,2,1
315,3,3
316,2,1
317,1,2
318,2,1
319,3,3
320,2,1
321,3,3
322,2,1
323,3,3
324,3,3
325,1,2
326,3,3
327,2,1
328,3,3
329,3,3
330,2,1
331,1,2
332,1,2
333,2,1
334,2,1
335,3,3
336,1,2
337,3,3
338,1,2
339,2,1
340,1,2
341,2,1
342,2,1
343,3,3
344,2,1
345,1,2
346,3,3
347,2,1
348,3,3
349,2,1
350,3,3
351,3,3
352,2,1
353,2,1
354,1,2
355,3,3
357,2,1
358,1,2
359,3,3
360,3,3
361,2,1
362,3,3
363,2,1
364,3,3
365,3,3
366,3,3
367,1,2
368,3,3
369,1,2
370,2,1
371,3,3
372,3,3
373,2,1
374,1,2
375,2,1
376,3,3
377,3,3
378,2,1
379,3,3
380,3,3
381,1,2
382,2,1
383,3,3
384,3,3
385,2,1
386,2,1
387,3,3
388,2,1
389,3,3
390,2,1
391,3,3
392,2,1
393,3,3
394,1,2
395,2,1
396,1,2
397,3,3
398,2,1
399,1,2
400,1,2
401,2,1
402,3,3
403,2,1
404,2,1
405,3,3
406,3,3
407,3,3
408,2,1
409,3,3
410,3,3
411,1,2
412,3,3
413,1,2
414,3,3
415,1,2
416,2,1
417,3,3
418,2,1
419,3,3
420,1,2
421,3,3
422,3,3
423,3,3
424,2,1
425,2,1
426,1,2
427,2,1
428,3,3
429,2,1
430,2,1
431,3,3
432,3,3
433,3,3
434,2,1
435,3,3
436,3,3
437,2,1
438,1,2
439,3,3
440,3,3
441,2,1
442,3,3
443,2,1
444,2,1
445,2,1
446,2,1
447,2,1
448,2,1
449,1,2
450,2,1
452,3,3
453,3,3
454,3,3
455,3,3
456,2,1
458,2,1
459,1,2
460,3,3
461,1,2
462,1,2
463,3,3
464,3,3
465,3,3
466,2,1
467,1,2
468,1,2
469,2,1
470,2,1
471,2,1
472,2,1
474,1,2
475,3,3
476,3,3
477,2,1
478,1,2
479,3,3
480,3,3
481,3,3
482,3,3
483,3,3
484,1,2
485,3,3
486,2,1
487,1,2
488,3,3
489,3,3
490,3,3
491,1,2
492,1,2
493,1,2
494,3,3
495,3,3
496,3,3
497,1,2
498,3,3
499,2,1
500,2,1
501,3,3
502,2,1
503,2,1
504,2,1
505,3,3
506,2,1
507,1,2
508,2,1
509,1,2
510,1,2
511,1,2
512,3,3
513,3,3
514,3,3
515,1,2
516,2,1
517,2,1
518,1,2
519,1,2
520,3,3
521,2,1
522,3,3
523,1,2
524,2,1
525,3,3
526,1,2
527,2,1
528,2,1
529,2,1
530,1,2
531,3,3
532,3,3
533,2,1
534,1,2
535,2,1
536,2,1
537,3,3
538,3,3
539,2,1
541,2,1
542,2,1
543,2,1
544,3,3
545,1,2
546,2,1
547,1,2
548,1,2
549,3,3
550,2,1
551,2,1
552,1,2
553,2,1
554,2,1
555,1,2
556,3,3
557,1,2
558,3,3
559,2,1
560,2,1
561,3,3
562,1,2
563,3,3
564,3,3
565,3,3
566,2,1
567,1,2
568,1,2
569,2,1
570,2,1
571,2,1
572,3,3
573,3,3
574,1,2
575,1,2
576,3,3
577,2,1
578,3,3
579,2,1
580,3,3
581,1,2
582,2,1
583,3,3
584,1,2
585,3,3
586,3,3
587,2,1
588,2,1
589,2,1
590,1,2
591,1,2
592,2,1
593,3,3
594,2,1
595,2,1
596,2,1
598,1,2
599,3,3
600,2,1
601,3,3
602,3,3
603,2,1
604,3,3
605,3,3
606,2,1
607,2,1
608,3,3
609,2,1
610,1,2
611,2,1
612,1,2
613,1,2
615,2,1
616,3,3
617,2,1
618,1,2
619,3,3
620,1,2
621,2,1
622,3,3
623,2,1
624,2,1
625,1,2
626,1,2
627,1,2
628,2,1
629,3,3
630,1,2
631,3,3
632,3,3
633,1,2
634,2,1
635,3,3
636,1,2
637,1,2
638,3,3
639,2,1
640,2,1
641,3,3
642,2,1
643,2,1
644,3,3
645,2,1
646,3,3
647,2,1
648,3,3
649,1,2
650,3,3
651,2,1
652,3,3
653,3,3
654,2,1
655,2,1
656,3,3
657,2,1
658,2,1
659,3,3
660,3,3
661,2,1
662,2,1
663,2,1
664,3,3
665,3,3
666,2,1
667,1,2
668,2,1
669,1,2
670,2,1
671,1,2
672,2,1
673,3,3
674,2,1
675,2,1
676,2,1
677,2,1
679,3,3
680,3,3
681,2,1
682,3,3
683,3,3
684,2,1
685,3,3
686,3,3
687,3,3
688,3,3
689,1,2
690,2,1
691,3,3
692,2,1
693,2,1
694,2,1
695,2,1
696,1,2
697,1,2
698,2,1
699,3,3
700,3,3
701,3,3
702,1,2
703,2,1
704,3,3
705,3,3
706,3,3
707,2,1
708,3,3
709,1,2
710,2,1
711,2,1
712,2,1
713,3,3
714,3,3
715,2,1
716,2,1
717,1,2
718,3,3
719,1,2
720,2,1
721,1,2
722,2,1
723,1,2
724,2,1
725,3,3
726,1,2
727,2,1
728,3,3
729,2,1
730,2,1
731,3,3
732,3,3
733,3,3
734,2,1
735,1,2
736,2,1
737,2,1
738,1,2
739,2,1
740,3,3
741,3,3
742,2,1
743,2,1
744,3,3
745,3,3
746,2,1
747,1,2
748,2,1
749,3,3
750,3,3
751,2,1
752,2,1
753,2,1
754,2,1
755,2,1
756,2,1
757,2,1
758,1,2
759,2,1
760,2,1
761,2,1
762,3,3
763,1,2
764,3,3
765,2,1
766,3,3
767,2,1
768,1,2
769,3,3
770,1,2
771,1,2
772,3,3
773,3,3
774,3,3
775,2,1
776,2,1
777,3,3
778,3,3
779,3,3
780,1,2
781,2,1
782,2,1
783,1,2
784,1,2
785,3,3
786,1,2
787,3,3
788,3,3
789,2,1
790,3,3
791,2,1
792,2,1
793,3,3
794,3,3
795,1,2
796,1,2
797,3,3
798,3,3
799,2,1
800,3,3
801,2,1
802,1,2
803,1,2
804,2,1
805,3,3
806,2,1
807,2,1
808,2,1
809,2,1
810,3,3
811,2,1
812,3,3
813,3,3
814,2,1
815,3,3
816,2,1
817,3,3
818,2,1
819,3,3
820,1,2
821,1,2
822,2,1
823,3,3
824,3,3
825,3,3
826,3,3
827,3,3
828,2,1
829,3,3
830,2,1
831,1,2
832,3,3
833,3,3
834,2,1
835,1,2
836,2,1
837,3,3
838,3,3
839,1,2
840,3,3
841,1,2
842,1,2
843,2,1
844,1,2
845,2,1
846,3,3
847,3,3
848,3,3
849,2,1
850,3,3
851,1,2
852,3,3
853,2,1
854,2,1
855,1,2
856,1,2
857,3,3
858,2,1
859,1,2
860,2,1
861,2,1
862,2,1
863,1,2
864,1,2
865,2,1
866,3,3
867,2,1
868,2,1
869,2,1
870,2,1
871,3,3
873,1,2
874,1,2
875,2,1
876,2,1
877,3,3
878,3,3
879,1,2
880,3,3
881,2,1
882,1,2
883,3,3
884,2,1
885,2,1
886,3,3
887,3,3
888,3,3
889,2,1
890,2,1
891,1,2
892,2,1
893,2,1
894,3,3
895,2,1
896,3,3
897,3,3
898,3,3
899,3,3
900,2,1
901,1,2
902,3,3
903,2,1
904,2,1
905,1,2
906,3,3
907,2,1
908,3,3
909,2,1
910,2,1
911,1,2
912,2,1
913,3,3
914,2,1
915,2,1
916,3,3
917,3,3
920,2,1
921,3,3
922,1,2
923,2,1
924,3,3
925,2,1
926,2,1
927,2,1
928,1,2
929,1,2
930,2,1
931,1,2
932,3,3
933,1,2
934,2,1
935,2,1
936,3,3
937,2,1
938,2,1
939,3,3
940,2,1
941,3,3
942,3,3
943,2,1
944,3,3
945,3,3
946,3,3
947,2,1
948,3,3
949,1,2
950,3,3
951,1,2
952,2,1
953,2,1
954,2,1
955,3,3
956,1,2
957,1,2
958,1,2
959,1,2
960,3,3
961,2,1
962,1,2
963,1,2
964,3,3
965,2,1
966,3,3
967,3,3
968,2,1
969,2,1
970,2,1
971,2,1
972,1,2
973,3,3
974,3,3
975,1,2
976,1,2
977,3,3
978,3,3
979,2,1
980,2,1
981,2,1
982,3,3
983,2,1
984,1,2
985,2,1
986,2,1
987,3,3
988,2,1
989,2,1
990,3,3
991,1,2
992,3,3
993,1,2
994,3,3
995,3,3
996,1,2
997,2,1
998,2,1
999,1,2
1000,1,2
1001,2,1
1002,1,2
1003,2,1
1004,1,2
1005,1,2
1006,1,2
1007,3,3
1008,3,3
1009,2,1
1010,3,3
1011,2,1
1012,2,1
1013,2,1
1014,3,3
1015,1,2
1016,2,1
1017,1,2
1018,2,1
1019,2,1
1020,2,1
1021,1,2
1022,2,1
1023,2,1
1024,3,3
1025,1,2
1026,1,2
1027,2,1
1028,1,2
1029,2,1
1030,3,3
1031,1,2
1032,2,1
1033,3,3
1034,2,1
1036,3,3
1037,2,1
1038,2,1
1039,1,2
1040,1,2
1041,3,3
1042,1,2
1043,1,2
1044,3,3
1045,3,3
1046,3,3
1047,1,2
1048,2,1
1049,1,2
1050,2,1
1051,1,2
1052,2,1
1053,2,1
1054,1,2
1055,1,2
1056,1,2
1057,1,2
1058,1,2
1059,2,1
1060,3,3
1061,1,2
1062,1,2
1063,2,1
1064,1,2
1065,2,1
1066,1,2
1067,3,3
1068,2,1
1069,2,1
1070,2,1
1071,3,3
1072,2,1
1073,3,3
1074,2,1
1075,3,3
1076,1,2
1077,3,3
1078,1,2
1079,2,1
1080,2,1
1081,3,3
1082,1,2
1083,3,3
1084,1,2
1085,2,1
1086,1,2
1087,2,1
1088,3,3
1089,2,1
1090,1,2
1091,3,3
1092,3,3
1093,1,2
1094,1,2
1095,3,3
1096,2,1
1097,2,1
1098,2,1
1099,3,3
1100,3,3
1101,2,1
1102,1,2
1103,3,3
1105,3,3
1106,1,2
1107,2,1
1108,3,3
1109,3,3
1110,3,3
1111,3,3
1112,3,3
1113,2,1
1114,1,2
1115,2,1
1116,2,1
1118,3,3
1119,2,1
1120,2,1
1121,3,3
1122,3,3
1123,3,3
1124,2,1
1125,1,2
1126,2,1
1127,2,1
1128,2,1
1129,1,2
1130,2,1
1131,1,2
1132,2,1
1134,2,1
1135,3,3
1136,3,3
1137,3,3
1138,1,2
1139,2,1
1140,2,1
1141,3,3
1142,1,2
1143,3,3
1144,2,1
1145,2,1
1146,2,1
1147,1,2
1148,3,3
1149,1,2
1150,2,1
1151,2,1
1152,2,1
1153,2,1
1154,3,3
1155,3,3
1156,1,2
1157,3,3
1158,3,3
1159,1,2
1160,2,1
1161,2,1
1162,3,3
1163,2,1
1164,3,3
1165,1,2
1166,3,3
1167,1,2
1168,2,1
1169,1,2
1170,2,1
1171,1,2
1172,3,3
1173,3,3
1174,3,3
1175,3,3
1176,2,1
1177,3,3
1178,1,2
1179,2,1
1180,3,3
1181,1,2
1182,1,2
1183,3,3
1184,1,2
1185,3,3
1186,3,3
1187,2,1
1188,2,1
1189,1,2
1190,3,3
1191,2,1
1192,3,3
1193,1,2
1194,1,2
1195,1,2
1196,2,1
1197,2,1
1198,3,3
1199,1,2
1200,1,2
1201,3,3
1202,2,1
1203,1,2
1204,2,1
1205,3,3
1206,3,3
1207,1,2
1208,1,2
1209,3,3
1210,1,2
1211,3,3
1212,2,1
1213,1,2
1214,2,1
1215,3,3
1216,1,2
1217,3,3
1218,1,2
1219,3,3
1220,3,3
1221,2,1
1222,2,1
1223,2,1
1224,3,3
1225,2,1
1226,3,3
1227,3,3
1228,1,2
1229,3,3
1230,3,3
1231,3,3
1232,1,2
1233,3,3
1234,1,2
1235,1,2
1236,3,3
1237,2,1
1238,3,3
1239,3,3
1240,3,3
1241,2,1
1242,3,3
1243,3,3
1244,1,2
1245,1,2
1246,2,1
1247,2,1
1248,3,3
1249,3,3
1250,3,3
1251,2,1
1252,1,2
1253,2,1
1254,2,1
1255,3,3
1256,2,1
1257,3,3
1258,2,1
1259,1,2
1260,3,3
1261,1,2
1262,1,2
1263,1,2
1264,3,3
1265,3,3
1266,3,3
1267,1,2
1268,1,2
1269,1,2
1270,3,3
1271,1,2
1272,2,1
1273,3,3
1274,1,2
1275,3,3
1276,3,3
1277,3,3
1278,2,1
1279,3,3
1280,2,1
1281,2,1
1282,3,3
1283,1,2
1284,2,1
1285,1,2
1286,2,1
1287,1,2
1288,1,2
1289,2,1
1290,2,1
1291,1,2
1292,3,3
1293,1,2
1294,3,3
1295,1,2
1296,3,3
1297,3,3
1299,2,1
1300,2,1
1301,2,1
1302,2,1
1303,3,3
1304,1,2
1305,3,3
1306,2,1
1307,1,2
1308,2,1
1309,3,3
1310,2,1
1311,3,3
1312,2,1
1313,3,3
1314,2,1
1315,3,3
1316,1,2
1317,3,3
1318,2,1
1319,2,1
1320,3,3
1321,2,1
1322,2,1
1323,3,3
1324,3,3
1325,3,3
1326,2,1
1327,3,3
1328,1,2
1329,2,1
1330,3,3
1331,3,3
1332,3,3
1333,1,2
1334,2,1
1335,3,3
1336,3,3
1337,2,1
1338,2,1
1339,1,2
1340,2,1
1341,3,3
1342,3,3
1343,1,2
1344,1,2
1345,3,3
1347,3,3
1348,3,3
1349,2,1
1350,2,1
1351,3,3
1352,2,1
1353,2,1
1354,1,2
1355,3,3
1356,3,3
1357,3,3
1358,3,3
1359,1,2
1360,3,3
1361,2,1
1362,2,1
1364,2,1
1365,3,3
1366,1,2
1367,2,1
1368,3,3
1369,3,3
1370,3,3
1371,1,2
1372,1,2
1373,2,1
1374,3,3
1375,2,1
1376,3,3
1377,3,3
1378,3,3
1379,3,3
1380,2,1
1381,2,1
1382,1,2
1383,3,3
1384,1,2
1385,1,2
1386,2,1
1387,3,3
1388,2,1
1389,2,1
1390,3,3
1391,3,3
1392,1,2
1393,3,3
1394,2,1
1395,2,1
1396,2,1
1397,2,1
1398,1,2
1399,2,1
1400,3,3
1401,3,3
1402,2,1
1403,3,3
1404,2,1
1405,1,2
1406,3,3
1407,2,1
1408,3,3
1409,3,3
1410,2,1
1411,2,1
1412,1,2
1413,3,3
1414,3,3
1415,1,2
1416,3,3
1417,2,1
1418,1,2
1419,1,2
1420,3,3
1421,2,1
1422,2,1
1423,2,1
1424,3,3
1425,2,1
1426,3,3
1427,2,1
1428,2,1
1429,1,2
1430,2,1
1431,1,2
1432,2,1
1433,2,1
1434,1,2
1435,2,1
1436,2,1
1437,3,3
1438,1,2
1439,1,2
1441,2,1
1442,2,1
1443,1,2
1444,2,1
1445,2,1
1446,3,3
1447,1,2
1448,3,3
1449,3,3
1450,2,1
1451,1,2
1452,2,1
1453,2,1
1455,3,3
1456,2,1
1457,2,1
1458,3,3
1459,2,1
1460,2,1
1461,2,1
1462,3,3
1463,3,3
1464,1,2
1465,2,1
1466,3,3
1467,2,1
1468,3,3
1469,3,3
1470,1,2
1472,1,2
1473,3,3
1474,2,1
1475,1,2
1476,2,1
1477,2,1
1478,2,1
1479,3,3
1480,1,2
1481,2,1
1482,2,1
1483,1,2
1484,2,1
1485,3,3
1486,1,2
1487,3,3
1488,2,1
1489,2,1
1490,3,3
1491,2,1
1492,2,1
1493,2,1
1494,1,2
1495,3,3
1496,3,3
1497,3,3
1498,2,1
1500,3,3
1501,3,3
1502,2,1
1503,3,3
1504,3,3
1505,2,1
1506,3,3
1507,2,1
1508,3,3
1509,1,2
1510,2,1
1511,3,3
1512,2,1
1513,3,3
1514,1,2
1515,3,3
1516,2,1
1517,1,2
1518,2,1
1519,1,2
1520,3,3
1521,2,1
1522,2,1
1523,3,3
1524,1,2
1525,2,1
1526,2,1
1527,3,3
1528,3,3
1529,3,3
1530,2,1
1531,3,3
1532,2,1
1533,3,3
1534,1,2
1535,2,1
1536,2,1
1537,2,1
1538,2,1
1539,1,2
1540,1,2
1541,2,1
1542,1,2
1543,1,2
1544,2,1
1545,1,2
1546,3,3
1547,3,3
1548,3,3
1549,3,3
1550,2,1
1551,3,3
1552,3,3
1553,3,3
1554,2,1
1555,1,2
1556,1,2
1557,2,1
1558,2,1
1559,3,3
1560,2,1
1561,2,1
1562,3,3
1563,1,2
1564,2,1
1565,3,3
1566,3,3
1567,2,1
1568,1,2
1569,1,2
1570,3,3
1571,3,3
1572,2,1
1573,2,1
1574,3,3
1575,3,3
1576,3,3
1577,1,2
1578,2,1
1579,3,3
1580,2,1
1581,2,1
1582,1,2
1583,3,3
1584,3,3
1585,3,3
1586,3,3
1587,1,2
1588,3,3
1589,3,3
1590,1,2
1591,3,3
1592,1,2
1593,2,1
1594,1,2
1595,1,2
1596,1,2
1597,1,2
1598,3,3
1599,2,1
1600,3,3
1601,3,3
1602,2,1
1603,1,2
1604,3,3
1605,2,1
1606,1,2
1607,3,3
1608,2,1
1609,3,3
1610,2,1
1611,2,1
1612,2,1
1613,1,2
1614,3,3
1615,3,3
1616,2,1
1617,3,3
1618,2,1
1619,3,3
1620,1,2
1621,3,3
1622,2,1
1623,2,1
1624,1,2
1625,3,3
1626,2,1
1627,2,1
1628,2,1
1629,2,1
1630,2,1
1631,2,1
1632,2,1
1633,3,3
1634,3,3
1635,3,3
1636,1,2
1637,1,2
1638,2,1
1639,3,3
1640,2,1
1641,1,2
1642,2,1
1643,2,1
1644,2,1
1645,3,3
1646,1,2
1647,3,3
1648,2,1
1650,1,2
1651,3,3
1652,3,3
1653,2,1
1654,3,3
1655,2,1
1656,3,3
1657,1,2
1658,1,2
1659,1,2
1660,2,1
1661,3,3
1662,1,2
1663,3,3
1664,2,1
1665,2,1
1666,3,3
1667,2,1
1668,1,2
1669,2,1
1670,2,1
1671,1,2
1672,3,3
1673,2,1
1674,1,2
1675,2,1
1676,3,3
1677,2,1
1678,3,3
1679,3,3
1680,2,1
1681,3,3
1682,2,1
1683,3,3
1685,3,3
1686,2,1
1687,2,1
1688,3,3
1689,1,2
1690,1,2
1691,2,1
1692,3,3
1693,3,3
1694,1,2
1695,1,2
1697,1,2
1698,3,3
1699,2,1
1700,2,1
1701,3,3
1702,1,2
1703,1,2
1704,3,3
1705,2,1
1706,1,2
1707,3,3
1708,3,3
1709,3,3
1710,2,1
1711,1,2
1712,2,1
1713,2,1
1714,2,1
1715,3,3
1716,3,3
1717,3,3
1718,3,3
1719,2,1
1720,1,2
1721,1,2
1722,3,3
1723,2,1
1724,1,2
1725,1,2
1726,3,3
1727,3,3
1728,3,3
1729,3,3
1730,2,1
1731,3,3
1732,1,2
1733,2,1
1734,1,2
1735,1,2
1736,3,3
1737,3,3
1738,1,2
1739,2,1
1740,2,1
1741,1,2
1742,1,2
1743,3,3
1744,2,1
1745,2,1
1746,3,3
1747,3,3
1748,1,2
1749,1,2
1750,1,2
1751,2,1
1752,1,2
1753,2,1
1754,2,1
1755,3,3
1756,3,3
1757,1,2
1758,2,1
1759,2,1
1760,1,2
1761,1,2
1762,2,1
1763,3,3
1764,3,3
1765,1,2
1767,3,3
1768,2,1
1769,3,3
1770,2,1
1771,2,1
1772,2,1
1773,1,2
1774,2,1
1775,3,3
1776,1,2
1777,3,3
1778,1,2
1779,2,1
1780,3,3
1781,1,2
1782,2,1
1783,1,2
1784,3,3
1785,3,3
1786,2,1
1787,2,1
1788,2,1
1789,3,3
1790,3,3
1791,1,2
1792,1,2
1793,1,2
1794,3,3
1795,3,3
1796,1,2
1797,1,2
1798,2,1
1799,1,2
1800,3,3
1801,2,1
1802,2,1
1803,2,1
1804,2,1
1805,3,3
1806,1,2
1807,3,3
1809,1,2
1810,2,1
1811,1,2
1812,1,2
1813,2,1
1814,2,1
1815,2,1
1816,2,1
1817,1,2
1818,2,1
1819,2,1
1820,1,2
1821,2,1
1822,3,3
1823,1,2
1824,1,2
1825,1,2
1826,3,3
1827,2,1
1828,3,3
1829,3,3
1830,3,3
1831,1,2
1832,2,1
1833,2,1
1834,1,2
1835,2,1
1836,2,1
1837,1,2
1838,3,3
1839,3,3
1840,3,3
1841,1,2
1842,1,2
1843,3,3
1844,3,3
1845,2,1
1846,1,2
1847,1,2
1848,2,1
1849,2,1
1850,1,2
1851,2,1
1852,3,3
1853,2,1
1854,2,1
1855,2,1
1856,2,1
1857,1,2
1858,2,1
1859,1,2
1860,3,3
1861,3,3
1862,3,3
1863,3,3
1864,3,3
1865,2,1
1866,3,3
1867,3,3
1868,1,2
1869,2,1
1870,2,1
1871,3,3
1872,1,2
1873,1,2
1874,2,1
1875,3,3
1876,3,3
1877,1,2
1878,3,3
1879,2,1
1880,1,2
1881,1,2
1882,2,1
1883,2,1
1884,2,1
1885,1,2
1886,3,3
1887,3,3
1888,3,3
1889,1,2
1890,2,1
1891,2,1
1892,2,1
1893,1,2
1894,3,3
1895,1,2
1896,3,3
1897,2,1
1898,3,3
1899,2,1
1900,2,1
1901,3,3
1902,2,1
1903,1,2
1904,1,2
1905,1,2
1906,2,1
1907,1,2
1908,3,3
1909,3,3
1910,1,2
1911,3,3
1912,2,1
1913,3,3
1914,3,3
1915,2,1
1916,3,3
1917,1,2
1918,1,2
1919,1,2
1920,2,1
1921,3,3
1922,2,1
1923,3,3
1924,2,1
1925,2,1
1927,2,1
1929,2,1
1931,1,2
1932,3,3
1933,1,2
1934,3,3
1935,2,1
1936,2,1
1938,1,2
1939,1,2
1940,3,3
1941,2,1
1942,2,1
1943,1,2
1944,2,1
1945,1,2
1946,3,3
1947,3,3
1948,3,3
1949,1,2
1950,1,2
1951,3,3
1952,1,2
1953,1,2
1954,2,1
1955,2,1
1957,2,1
1958,1,2
1959,3,3
1960,2,1
1961,1,2
1962,1,2
1963,3,3
1964,3,3
1965,1,2
1966,3,3
1967,3,3
1968,2,1
1969,3,3
1970,1,2
1971,2,1
1972,1,2
1973,3,3
1974,2,1
1975,3,3
1976,2,1
1977,1,2
1978,1,2
1979,3,3
1980,3,3
1981,3,3
1982,2,1
1983,2,1
1984,3,3
1985,1,2
1986,1,2
1987,1,2
1988,2,1
1989,3,3
1990,1,2
1991,2,1
1992,3,3
1995,3,3
1996,2,1
1997,3,3
1998,1,2
1999,3,3
2000,3,3
