artifact,metric,baseline,repro,delta,status,severity
consolidated_status.json,run_metadata.config,"{'random_seed': 42, 'churn_days': 30, 'conversion_days': 30, 'alpha': 0.05, 'min_segment_n': 200, 'run_temporal_backtest': False, 'temporal_backtest_months': 18, 'temporal_min_train_months': 6, 'temporal_train_row_cap': 300000, 'temporal_min_test_rows': 5000, 'threshold_grid_size': 99, 'intervention_capacity_pct': 0.2, 'min_precision_for_trigger': 0.8, 'churn_tp_value': 3.0, 'churn_fp_cost': 1.0, 'churn_fn_cost': 2.0}","{'random_seed': 42, 'churn_days': 30, 'conversion_days': 30, 'alpha': 0.05, 'min_segment_n': 200, 'run_temporal_backtest': False, 'temporal_backtest_months': 18, 'temporal_min_train_months': 6, 'temporal_train_row_cap': 300000, 'temporal_min_test_rows': 5000, 'threshold_grid_size': 99, 'intervention_capacity_pct': 0.2, 'min_precision_for_trigger': 0.8, 'churn_tp_value': 3.0, 'churn_fp_cost': 1.0, 'churn_fn_cost': 2.0}",,pass,info
consolidated_status.json,run_metadata.snapshot_ts,2026-02-09 13:20:08.626000,2026-02-09 13:20:08.626000,,pass,info
consolidated_status.json,hypotheses.status_counts,"{'validated': 8, 'not_testable': 4, 'inconclusive': 2, 'rejected': 1}","{'validated': 8, 'not_testable': 4, 'inconclusive': 2, 'rejected': 1}",,pass,info
consolidated_status.json,causal_diagnostic_assessment.causal_claim_allowed,False,False,,pass,info
consolidated_status.json,ml.status,ok,ok,,pass,info
consolidated_status.json,temporal_backtest.status,skipped,skipped,,pass,info
deep_dive_cluster_profiles_detailed.csv,table.rows,2,2,0,pass,info
deep_dive_cluster_profiles_detailed.csv,col.churn_rate.max_abs_diff,0.005,1.9219375942070016e-05,1.9219375942070016e-05,pass,info
deep_dive_cluster_profiles_detailed.csv,col.conversion_rate.max_abs_diff,0.005,8.403502129117335e-05,8.403502129117335e-05,pass,info
deep_dive_cluster_profiles_detailed.csv,col.median_aula.exact_int,0.0,0.0,0.0,pass,info
deep_dive_cluster_profiles_detailed.csv,col.median_ia_events.exact_int,0.0,0.0,0.0,pass,info
deep_dive_cluster_profiles_detailed.csv,col.median_interactions.exact_int,0.0,0.0,0.0,pass,info
deep_dive_cluster_profiles_detailed.csv,col.median_prova.exact_int,0.0,0.0,0.0,pass,info
deep_dive_cluster_profiles_detailed.csv,col.median_sessions.exact_int,0.0,0.0,0.0,pass,info
deep_dive_cluster_profiles_detailed.csv,col.median_ttfv.max_abs_diff,0.005,1.9444028536499958e-06,1.9444028536499958e-06,pass,info
deep_dive_cluster_profiles_detailed.csv,col.p90_interactions.exact_int,0.0,0.0,0.0,pass,info
deep_dive_cluster_profiles_detailed.csv,col.teachers.exact_int,0.0,52.0,52.0,fail,major
executive_quadro_por_item.csv,table.rows,15,15,0,pass,info
executive_quadro_por_item.csv,col.decisao_recomendada.string_mismatches,0,0,0,pass,info
executive_quadro_por_item.csv,col.dono.string_mismatches,0,0,0,pass,info
executive_quadro_por_item.csv,col.evidencia.string_mismatches,0,0,0,pass,info
executive_quadro_por_item.csv,col.item.string_mismatches,0,0,0,pass,info
executive_quadro_por_item.csv,col.prazo.string_mismatches,0,0,0,pass,info
executive_quadro_por_item.csv,col.risco.string_mismatches,0,0,0,pass,info
executive_quadro_por_item.csv,col.status_atual.string_mismatches,0,0,0,pass,info
hypothesis_results.csv,table.rows,15,15,0,pass,info
hypothesis_results.csv,col.alpha.max_abs_diff,0.005,0.0,0.0,pass,info
hypothesis_results.csv,col.assumptions.string_mismatches,0,0,0,pass,info
hypothesis_results.csv,col.caveats.string_mismatches,0,0,0,pass,info
hypothesis_results.csv,col.decision_rule.string_mismatches,0,0,0,pass,info
hypothesis_results.csv,col.effect_size.max_abs_diff,0.005,0.0010788785695405867,0.0010788785695405867,pass,info
hypothesis_results.csv,col.hypothesis_id.string_mismatches,0,0,0,pass,info
hypothesis_results.csv,col.n_obs.exact_int,0.0,0.0,0.0,pass,info
hypothesis_results.csv,col.null_hypothesis.string_mismatches,0,0,0,pass,info
hypothesis_results.csv,col.p_value.max_abs_diff,0.005,0.0,0.0,pass,info
hypothesis_results.csv,col.statement.string_mismatches,0,0,0,pass,info
hypothesis_results.csv,col.statistical_test.string_mismatches,0,0,0,pass,info
hypothesis_results.csv,col.status.string_mismatches,0,0,0,pass,info
hypothesis_results.csv,col.what_was_tested.string_mismatches,0,0,0,pass,info
hypothesis_results.csv,hypothesis.status_decision_parity,0,0,0,pass,info
parquet/aula_prova_path.parquet,table.rows,2,2,0,pass,info
parquet/aula_prova_path.parquet,col.path.string_mismatches,0,0,0,pass,info
parquet/aula_prova_path.parquet,col.share.max_abs_diff,1e-09,0.0,0.0,pass,info
parquet/aula_prova_path.parquet,col.teachers.exact_int,0.0,0.0,0.0,pass,info
parquet/aula_prova_segment.parquet,table.rows,4,4,0,pass,info
parquet/aula_prova_segment.parquet,col.aula_prova_segment.string_mismatches,0,0,0,pass,info
parquet/aula_prova_segment.parquet,col.churn_rate.max_abs_diff,1e-09,0.0,0.0,pass,info
parquet/aula_prova_segment.parquet,col.conversion_rate.max_abs_diff,1e-09,0.0,0.0,pass,info
parquet/aula_prova_segment.parquet,col.median_interactions.exact_int,0.0,0.0,0.0,pass,info
parquet/aula_prova_segment.parquet,col.teachers.exact_int,0.0,0.0,0.0,pass,info
parquet/aula_usage_profile.parquet,table.rows,4,4,0,pass,info
parquet/aula_usage_profile.parquet,col.churn_rate.max_abs_diff,1e-09,0.0,0.0,pass,info
parquet/aula_usage_profile.parquet,col.conversion_rate.max_abs_diff,1e-09,0.0,0.0,pass,info
parquet/aula_usage_profile.parquet,col.median_events.exact_int,0.0,0.0,0.0,pass,info
parquet/aula_usage_profile.parquet,col.perfil.string_mismatches,0,0,0,pass,info
parquet/aula_usage_profile.parquet,col.share.max_abs_diff,1e-09,0.0,0.0,pass,info
parquet/aula_usage_profile.parquet,col.teachers.exact_int,0.0,0.0,0.0,pass,info
parquet/aws_open_source_blueprint.parquet,table.rows,6,6,0,pass,info
parquet/aws_open_source_blueprint.parquet,col.aws_exclusivo.string_mismatches,0,0,0,pass,info
parquet/aws_open_source_blueprint.parquet,col.frente.string_mismatches,0,0,0,pass,info
parquet/aws_open_source_blueprint.parquet,col.open_source_aws_local.string_mismatches,0,0,0,pass,info
parquet/aws_open_source_blueprint.parquet,col.resultado_pratico.string_mismatches,0,0,0,pass,info
parquet/cat_corr_pairs.parquet,table.rows,6,6,0,pass,info
parquet/cat_corr_pairs.parquet,col.cramers_v.max_abs_diff,1e-09,0.0,0.0,pass,info
parquet/cat_corr_pairs.parquet,col.var1.string_mismatches,0,0,0,pass,info
parquet/cat_corr_pairs.parquet,col.var2.string_mismatches,0,0,0,pass,info
parquet/clean_session_by_device.parquet,table.rows,4,4,0,pass,info
parquet/clean_session_by_device.parquet,col.mean_min_clean.max_abs_diff,1e-09,0.0,0.0,pass,info
parquet/clean_session_by_device.parquet,col.median_min_clean.max_abs_diff,1e-09,0.0,0.0,pass,info
parquet/clean_session_by_device.parquet,col.primary_device.string_mismatches,0,0,0,pass,info
parquet/clean_session_by_device.parquet,col.teachers.exact_int,0.0,0.0,0.0,pass,info
parquet/clean_session_by_device.parquet,col.total_min_clean.exact_int,0.0,0.0,0.0,pass,info
parquet/clean_session_user_type.parquet,table.rows,3,3,0,pass,info
parquet/clean_session_user_type.parquet,col.avg_min_clean.max_abs_diff,1e-09,0.0,0.0,pass,info
parquet/clean_session_user_type.parquet,col.median_min_clean.max_abs_diff,1e-09,0.0,0.0,pass,info
parquet/clean_session_user_type.parquet,col.sessions_all.exact_int,0.0,0.0,0.0,pass,info
parquet/clean_session_user_type.parquet,col.sessions_clean.exact_int,0.0,0.0,0.0,pass,info
parquet/clean_session_user_type.parquet,col.total_min_clean.exact_int,0.0,0.0,0.0,pass,info
parquet/clean_session_user_type.parquet,col.user_type.string_mismatches,0,0,0,pass,info
parquet/exam_scenario_summary.parquet,table.rows,4,4,0,pass,info
parquet/exam_scenario_summary.parquet,col.active_teacher_month_rate_exam_window.max_abs_diff,1e-09,0.0,0.0,pass,info
parquet/exam_scenario_summary.parquet,col.active_teacher_month_rate_off_window.max_abs_diff,1e-09,0.0,0.0,pass,info
parquet/exam_scenario_summary.parquet,col.any_exam_activity.max_abs_diff,1e-09,0.0,0.0,pass,info
parquet/exam_scenario_summary.parquet,col.any_off_activity.max_abs_diff,1e-09,0.0,0.0,pass,info
parquet/exam_scenario_summary.parquet,col.avg_events_month_exam_window.max_abs_diff,1e-09,0.0,0.0,pass,info
parquet/exam_scenario_summary.parquet,col.avg_events_month_off_window.max_abs_diff,1e-09,0.0,0.0,pass,info
parquet/exam_scenario_summary.parquet,col.exam_months_assumed.string_mismatches,0,0,0,pass,info
parquet/exam_scenario_summary.parquet,col.exam_vs_off_events_ratio.max_abs_diff,1e-09,0.0,0.0,pass,info
parquet/exam_scenario_summary.parquet,col.expected_events_per_teacher_year_if_constant.max_abs_diff,1e-09,0.0,0.0,pass,info
parquet/exam_scenario_summary.parquet,col.recurrence_exam_ge2.max_abs_diff,1e-09,0.0,0.0,pass,info
parquet/exam_scenario_summary.parquet,col.recurrence_off_ge2.max_abs_diff,1e-09,0.0,0.0,pass,info
parquet/exam_scenario_summary.parquet,col.segment.string_mismatches,0,0,0,pass,info
parquet/exam_scenario_summary.parquet,col.solution.string_mismatches,0,0,0,pass,info
parquet/exam_scenario_summary.parquet,col.teacher_months_exam_window.exact_int,0.0,0.0,0.0,pass,info
parquet/exam_scenario_summary.parquet,col.teacher_months_off_window.exact_int,0.0,0.0,0.0,pass,info
parquet/exam_scenario_summary.parquet,col.teachers.exact_int,0.0,0.0,0.0,pass,info
parquet/exam_window_definition.parquet,table.rows,12,12,0,pass,info
parquet/exam_window_definition.parquet,col.is_exam_window.exact_int,0.0,0.0,0.0,pass,info
parquet/exam_window_definition.parquet,col.month_name.string_mismatches,0,0,0,pass,info
parquet/exam_window_definition.parquet,col.month_num.exact_int,0.0,0.0,0.0,pass,info
parquet/exam_window_definition.parquet,col.prova_events.exact_int,0.0,0.0,0.0,pass,info
parquet/exam_window_definition.parquet,col.share_prova.max_abs_diff,1e-09,0.0,0.0,pass,info
parquet/geo_associations.parquet,table.rows,6,6,0,pass,info
parquet/geo_associations.parquet,col.association.string_mismatches,0,0,0,pass,info
parquet/geo_associations.parquet,col.effect_size.max_abs_diff,1e-09,0.0,0.0,pass,info
parquet/geo_associations.parquet,col.method.string_mismatches,0,0,0,pass,info
parquet/geo_associations.parquet,col.p_value.exact_int,0.0,0.0,0.0,pass,info
parquet/heavy_device_normalized.parquet,table.rows,4,4,0,pass,info
parquet/heavy_device_normalized.parquet,col.heavy_count.exact_int,0.0,0.0,0.0,pass,info
parquet/heavy_device_normalized.parquet,col.heavy_rate.max_abs_diff,1e-09,0.0,0.0,pass,info
parquet/heavy_device_normalized.parquet,col.heavy_rate_pct.max_abs_diff,1e-09,0.0,0.0,pass,info
parquet/heavy_device_normalized.parquet,col.lift_vs_base.max_abs_diff,1e-09,0.0,0.0,pass,info
parquet/heavy_device_normalized.parquet,col.primary_device.string_mismatches,0,0,0,pass,info
parquet/heavy_device_normalized.parquet,col.segment_share_pct.max_abs_diff,1e-09,0.0,0.0,pass,info
parquet/heavy_device_normalized.parquet,col.share_within_heavy_pct.max_abs_diff,1e-09,0.0,0.0,pass,info
parquet/heavy_device_normalized.parquet,col.teachers.exact_int,0.0,0.0,0.0,pass,info
parquet/heavy_lift_device.parquet,table.rows,4,4,0,pass,info
parquet/heavy_lift_device.parquet,col.heavy_count.exact_int,0.0,0.0,0.0,pass,info
parquet/heavy_lift_device.parquet,col.heavy_rate.max_abs_diff,1e-09,0.0,0.0,pass,info
parquet/heavy_lift_device.parquet,col.heavy_rate_pct.max_abs_diff,1e-09,0.0,0.0,pass,info
parquet/heavy_lift_device.parquet,col.lift_vs_base.max_abs_diff,1e-09,0.0,0.0,pass,info
parquet/heavy_lift_device.parquet,col.median_aula.exact_int,0.0,0.0,0.0,pass,info
parquet/heavy_lift_device.parquet,col.median_ia.exact_int,0.0,0.0,0.0,pass,info
parquet/heavy_lift_device.parquet,col.median_interactions.exact_int,0.0,0.0,0.0,pass,info
parquet/heavy_lift_device.parquet,col.median_prova.exact_int,0.0,0.0,0.0,pass,info
parquet/heavy_lift_device.parquet,col.segment.string_mismatches,0,0,0,pass,info
parquet/heavy_lift_device.parquet,col.segment_share_pct.max_abs_diff,1e-09,0.0,0.0,pass,info
parquet/heavy_lift_device.parquet,col.share_within_heavy_pct.max_abs_diff,1e-09,0.0,0.0,pass,info
parquet/heavy_lift_device.parquet,col.teachers.exact_int,0.0,0.0,0.0,pass,info
parquet/heavy_lift_stage.parquet,table.rows,5,5,0,pass,info
parquet/heavy_lift_stage.parquet,col.heavy_count.exact_int,0.0,0.0,0.0,pass,info
parquet/heavy_lift_stage.parquet,col.heavy_rate.max_abs_diff,1e-09,0.0,0.0,pass,info
parquet/heavy_lift_stage.parquet,col.heavy_rate_pct.max_abs_diff,1e-09,0.0,0.0,pass,info
parquet/heavy_lift_stage.parquet,col.lift_vs_base.max_abs_diff,1e-09,0.0,0.0,pass,info
parquet/heavy_lift_stage.parquet,col.median_aula.exact_int,0.0,0.0,0.0,pass,info
parquet/heavy_lift_stage.parquet,col.median_ia.exact_int,0.0,0.0,0.0,pass,info
parquet/heavy_lift_stage.parquet,col.median_interactions.exact_int,0.0,0.0,0.0,pass,info
parquet/heavy_lift_stage.parquet,col.median_prova.exact_int,0.0,0.0,0.0,pass,info
parquet/heavy_lift_stage.parquet,col.segment.string_mismatches,0,0,0,pass,info
parquet/heavy_lift_stage.parquet,col.segment_share_pct.max_abs_diff,1e-09,0.0,0.0,pass,info
parquet/heavy_lift_stage.parquet,col.share_within_heavy_pct.max_abs_diff,1e-09,0.0,0.0,pass,info
parquet/heavy_lift_stage.parquet,col.teachers.exact_int,0.0,0.0,0.0,pass,info
parquet/heavy_lift_state.parquet,table.rows,23,23,0,pass,info
parquet/heavy_lift_state.parquet,col.heavy_count.exact_int,0.0,0.0,0.0,pass,info
parquet/heavy_lift_state.parquet,col.heavy_rate.max_abs_diff,1e-09,0.0,0.0,pass,info
parquet/heavy_lift_state.parquet,col.heavy_rate_pct.max_abs_diff,1e-09,0.0,0.0,pass,info
parquet/heavy_lift_state.parquet,col.lift_vs_base.max_abs_diff,1e-09,0.0,0.0,pass,info
parquet/heavy_lift_state.parquet,col.median_aula.exact_int,0.0,0.0,0.0,pass,info
parquet/heavy_lift_state.parquet,col.median_ia.exact_int,0.0,0.0,0.0,pass,info
parquet/heavy_lift_state.parquet,col.median_interactions.exact_int,0.0,0.0,0.0,pass,info
parquet/heavy_lift_state.parquet,col.median_prova.exact_int,0.0,0.0,0.0,pass,info
parquet/heavy_lift_state.parquet,col.segment.string_mismatches,0,0,0,pass,info
parquet/heavy_lift_state.parquet,col.segment_share_pct.max_abs_diff,1e-09,0.0,0.0,pass,info
parquet/heavy_lift_state.parquet,col.share_within_heavy_pct.max_abs_diff,1e-09,0.0,0.0,pass,info
parquet/heavy_lift_state.parquet,col.teachers.exact_int,0.0,0.0,0.0,pass,info
parquet/heavy_lift_user_type.parquet,table.rows,3,3,0,pass,info
parquet/heavy_lift_user_type.parquet,col.heavy_count.exact_int,0.0,17.0,17.0,fail,major
parquet/heavy_lift_user_type.parquet,col.heavy_rate.max_abs_diff,1e-09,0.0022702047431753802,0.0022702047431753802,fail,major
parquet/heavy_lift_user_type.parquet,col.heavy_rate_pct.max_abs_diff,1e-09,0.2270204743175377,0.2270204743175377,fail,major
parquet/heavy_lift_user_type.parquet,col.lift_vs_base.max_abs_diff,1e-09,0.025768128550410108,0.025768128550410108,fail,major
parquet/heavy_lift_user_type.parquet,col.median_aula.exact_int,0.0,0.0,0.0,pass,info
parquet/heavy_lift_user_type.parquet,col.median_ia.exact_int,0.0,0.0,0.0,pass,info
parquet/heavy_lift_user_type.parquet,col.median_interactions.exact_int,0.0,0.0,0.0,pass,info
parquet/heavy_lift_user_type.parquet,col.median_prova.exact_int,0.0,0.0,0.0,pass,info
parquet/heavy_lift_user_type.parquet,col.segment.string_mismatches,0,0,0,pass,info
parquet/heavy_lift_user_type.parquet,col.segment_share_pct.max_abs_diff,1e-09,0.20316455696202596,0.20316455696202596,fail,major
parquet/heavy_lift_user_type.parquet,col.share_within_heavy_pct.max_abs_diff,1e-09,0.12212643678161328,0.12212643678161328,fail,major
parquet/heavy_lift_user_type.parquet,col.teachers.exact_int,0.0,321.0,321.0,fail,major
parquet/heavy_lift_utm.parquet,table.rows,7,7,0,pass,info
parquet/heavy_lift_utm.parquet,col.heavy_count.exact_int,0.0,0.0,0.0,pass,info
parquet/heavy_lift_utm.parquet,col.heavy_rate.max_abs_diff,1e-09,0.0,0.0,pass,info
parquet/heavy_lift_utm.parquet,col.heavy_rate_pct.max_abs_diff,1e-09,0.0,0.0,pass,info
parquet/heavy_lift_utm.parquet,col.lift_vs_base.max_abs_diff,1e-09,0.0,0.0,pass,info
parquet/heavy_lift_utm.parquet,col.median_aula.exact_int,0.0,0.0,0.0,pass,info
parquet/heavy_lift_utm.parquet,col.median_ia.exact_int,0.0,0.0,0.0,pass,info
parquet/heavy_lift_utm.parquet,col.median_interactions.exact_int,0.0,0.0,0.0,pass,info
parquet/heavy_lift_utm.parquet,col.median_prova.exact_int,0.0,0.0,0.0,pass,info
parquet/heavy_lift_utm.parquet,col.segment.string_mismatches,0,0,0,pass,info
parquet/heavy_lift_utm.parquet,col.segment_share_pct.max_abs_diff,1e-09,0.0,0.0,pass,info
parquet/heavy_lift_utm.parquet,col.share_within_heavy_pct.max_abs_diff,1e-09,0.0,0.0,pass,info
parquet/heavy_lift_utm.parquet,col.teachers.exact_int,0.0,0.0,0.0,pass,info
parquet/heavy_mix_device.parquet,table.rows,4,4,0,pass,info
parquet/heavy_mix_device.parquet,col.primary_device.string_mismatches,0,0,0,pass,info
parquet/heavy_mix_device.parquet,col.teachers.exact_int,0.0,0.0,0.0,pass,info
parquet/heavy_mix_state.parquet,table.rows,12,12,0,pass,info
parquet/heavy_mix_state.parquet,col.estado_group.string_mismatches,0,0,0,pass,info
parquet/heavy_mix_state.parquet,col.teachers.exact_int,0.0,0.0,0.0,pass,info
parquet/heavy_mix_utm.parquet,table.rows,10,10,0,pass,info
parquet/heavy_mix_utm.parquet,col.teachers.exact_int,0.0,0.0,0.0,pass,info
parquet/heavy_mix_utm.parquet,col.utm_group.string_mismatches,0,0,0,pass,info
parquet/heavy_prova_mix_device.parquet,table.rows,4,4,0,pass,info
parquet/heavy_prova_mix_device.parquet,col.primary_device.string_mismatches,0,0,0,pass,info
parquet/heavy_prova_mix_device.parquet,col.teachers.exact_int,0.0,0.0,0.0,pass,info
parquet/heavy_prova_mix_state.parquet,table.rows,12,12,0,pass,info
parquet/heavy_prova_mix_state.parquet,col.estado_group.string_mismatches,0,0,0,pass,info
parquet/heavy_prova_mix_state.parquet,col.teachers.exact_int,0.0,0.0,0.0,pass,info
parquet/heavy_prova_mix_utm.parquet,table.rows,9,9,0,pass,info
parquet/heavy_prova_mix_utm.parquet,col.teachers.exact_int,0.0,0.0,0.0,pass,info
parquet/heavy_prova_mix_utm.parquet,col.utm_group.string_mismatches,0,0,0,pass,info
parquet/heavy_prova_overlap.parquet,table.rows,5,5,0,pass,info
parquet/heavy_prova_overlap.parquet,col.metric.string_mismatches,0,0,0,pass,info
parquet/heavy_prova_overlap.parquet,col.share_pct.max_abs_diff,1e-09,0.0,0.0,pass,info
parquet/heavy_prova_overlap.parquet,col.value.exact_int,0.0,0.0,0.0,pass,info
parquet/heavy_summary.parquet,table.rows,2,2,0,pass,info
parquet/heavy_summary.parquet,col.churn_rate.max_abs_diff,1e-09,0.0,0.0,pass,info
parquet/heavy_summary.parquet,col.conversion_rate.max_abs_diff,1e-09,0.0,0.0,pass,info
parquet/heavy_summary.parquet,col.group.string_mismatches,0,0,0,pass,info
parquet/heavy_summary.parquet,col.median_aula_events.exact_int,0.0,0.0,0.0,pass,info
parquet/heavy_summary.parquet,col.median_ia_events.exact_int,0.0,0.0,0.0,pass,info
parquet/heavy_summary.parquet,col.median_interactions.exact_int,0.0,0.0,0.0,pass,info
parquet/heavy_summary.parquet,col.median_prova_events.exact_int,0.0,0.0,0.0,pass,info
parquet/heavy_summary.parquet,col.median_sessions.exact_int,0.0,0.0,0.0,pass,info
parquet/heavy_summary.parquet,col.share.max_abs_diff,1e-09,0.0,0.0,pass,info
parquet/heavy_summary.parquet,col.teachers.exact_int,0.0,0.0,0.0,pass,info
parquet/hypotheses.parquet,table.rows,15,15,0,pass,info
parquet/hypotheses.parquet,col.alpha.max_abs_diff,0.005,0.0,0.0,pass,info
parquet/hypotheses.parquet,col.assumptions.string_mismatches,0,0,0,pass,info
parquet/hypotheses.parquet,col.caveats.string_mismatches,0,0,0,pass,info
parquet/hypotheses.parquet,col.decision_rule.string_mismatches,0,0,0,pass,info
parquet/hypotheses.parquet,col.effect_size.max_abs_diff,0.005,0.0010788785695405867,0.0010788785695405867,pass,info
parquet/hypotheses.parquet,col.hypothesis_id.string_mismatches,0,0,0,pass,info
parquet/hypotheses.parquet,col.n_obs.exact_int,0.0,0.0,0.0,pass,info
parquet/hypotheses.parquet,col.null_hypothesis.string_mismatches,0,0,0,pass,info
parquet/hypotheses.parquet,col.p_value.max_abs_diff,0.005,0.0,0.0,pass,info
parquet/hypotheses.parquet,col.statement.string_mismatches,0,0,0,pass,info
parquet/hypotheses.parquet,col.statistical_test.string_mismatches,0,0,0,pass,info
parquet/hypotheses.parquet,col.status.string_mismatches,0,0,0,pass,info
parquet/hypotheses.parquet,col.what_was_tested.string_mismatches,0,0,0,pass,info
parquet/identity_coverage.parquet,table.rows,1,1,0,pass,info
parquet/identity_coverage.parquet,col.dim_users.exact_int,0.0,0.0,0.0,pass,info
parquet/identity_coverage.parquet,col.dim_without_interactions.exact_int,0.0,0.0,0.0,pass,info
parquet/identity_coverage.parquet,col.entry_rows_outside_dim.exact_int,0.0,0.0,0.0,pass,info
parquet/identity_coverage.parquet,col.entry_rows_total.exact_int,0.0,0.0,0.0,pass,info
parquet/identity_coverage.parquet,col.entry_users_in_dim.exact_int,0.0,0.0,0.0,pass,info
parquet/identity_coverage.parquet,col.entry_users_raw.exact_int,0.0,0.0,0.0,pass,info
parquet/identity_coverage.parquet,col.interaction_rows_outside_dim.exact_int,0.0,0.0,0.0,pass,info
parquet/identity_coverage.parquet,col.interaction_rows_total.exact_int,0.0,0.0,0.0,pass,info
parquet/identity_coverage.parquet,col.interaction_users_in_dim.exact_int,0.0,0.0,0.0,pass,info
parquet/identity_coverage.parquet,col.interaction_users_raw.exact_int,0.0,0.0,0.0,pass,info
parquet/journey_curve.parquet,table.rows,8,8,0,pass,info
parquet/journey_curve.parquet,col.dias_desde_primeira_aula.exact_int,0.0,0.0,0.0,pass,info
parquet/journey_curve.parquet,col.share_com_prova_ate_dias.max_abs_diff,1e-09,0.0,0.0,pass,info
parquet/journey_lag_summary.parquet,table.rows,2,2,0,pass,info
parquet/journey_lag_summary.parquet,col.median_lag_days.max_abs_diff,1e-09,0.0,0.0,pass,info
parquet/journey_lag_summary.parquet,col.p90_lag_days.max_abs_diff,1e-09,0.0,0.0,pass,info
parquet/journey_lag_summary.parquet,col.path.string_mismatches,0,0,0,pass,info
parquet/prova_intensity_summary.parquet,table.rows,3,3,0,pass,info
parquet/prova_intensity_summary.parquet,col.churn_rate.max_abs_diff,1e-09,0.0,0.0,pass,info
parquet/prova_intensity_summary.parquet,col.conversion_rate.max_abs_diff,1e-09,0.0,0.0,pass,info
parquet/prova_intensity_summary.parquet,col.median_aula_events.exact_int,0.0,0.0,0.0,pass,info
parquet/prova_intensity_summary.parquet,col.median_interactions.exact_int,0.0,0.0,0.0,pass,info
parquet/prova_intensity_summary.parquet,col.median_prova_events.exact_int,0.0,0.0,0.0,pass,info
parquet/prova_intensity_summary.parquet,col.p90_prova_events.max_abs_diff,1e-09,0.0,0.0,pass,info
parquet/prova_intensity_summary.parquet,col.prova_intensity_group.string_mismatches,0,0,0,pass,info
parquet/prova_intensity_summary.parquet,col.share.max_abs_diff,1e-09,0.0,0.0,pass,info
parquet/prova_intensity_summary.parquet,col.teachers.exact_int,0.0,0.0,0.0,pass,info
parquet/prova_p90_cutoff.parquet,table.rows,1,1,0,pass,info
parquet/prova_p90_cutoff.parquet,col.metric.string_mismatches,0,0,0,pass,info
parquet/prova_p90_cutoff.parquet,col.value.exact_int,0.0,0.0,0.0,pass,info
parquet/prova_usage_profile.parquet,table.rows,4,4,0,pass,info
parquet/prova_usage_profile.parquet,col.churn_rate.max_abs_diff,1e-09,0.0,0.0,pass,info
parquet/prova_usage_profile.parquet,col.conversion_rate.max_abs_diff,1e-09,0.0,0.0,pass,info
parquet/prova_usage_profile.parquet,col.median_events.exact_int,0.0,0.0,0.0,pass,info
parquet/prova_usage_profile.parquet,col.perfil.string_mismatches,0,0,0,pass,info
parquet/prova_usage_profile.parquet,col.share.max_abs_diff,1e-09,0.0,0.0,pass,info
parquet/prova_usage_profile.parquet,col.teachers.exact_int,0.0,0.0,0.0,pass,info
parquet/quadro_sem_prazo.parquet,table.rows,15,15,0,pass,info
parquet/quadro_sem_prazo.parquet,col.decisao_recomendada.string_mismatches,0,0,0,pass,info
parquet/quadro_sem_prazo.parquet,col.dono.string_mismatches,0,0,0,pass,info
parquet/quadro_sem_prazo.parquet,col.evidencia.string_mismatches,0,0,0,pass,info
parquet/quadro_sem_prazo.parquet,col.item.string_mismatches,0,0,0,pass,info
parquet/quadro_sem_prazo.parquet,col.risco.string_mismatches,0,0,0,pass,info
parquet/quadro_sem_prazo.parquet,col.status_atual.string_mismatches,0,0,0,pass,info
parquet/retention_monthly_entries.parquet,table.rows,49,49,0,pass,info
parquet/retention_monthly_entries.parquet,col.active_users.exact_int,0.0,0.0,0.0,pass,info
parquet/retention_monthly_entries.parquet,col.drop_rate.max_abs_diff,1e-09,0.0,0.0,pass,info
parquet/retention_monthly_entries.parquet,col.month.string_mismatches,0,0,0,pass,info
parquet/retention_monthly_entries.parquet,col.retained_next_month.exact_int,0.0,0.0,0.0,pass,info
parquet/retention_monthly_entries.parquet,col.retention_rate.max_abs_diff,1e-09,0.0,0.0,pass,info
parquet/return_gap_bins.parquet,table.rows,8,8,0,pass,info
parquet/return_gap_bins.parquet,col.gap_bin.string_mismatches,0,0,0,pass,info
parquet/return_gap_bins.parquet,col.transitions.exact_int,0.0,0.0,0.0,pass,info
parquet/return_gap_bins_by_heavy.parquet,table.rows,16,16,0,pass,info
parquet/return_gap_bins_by_heavy.parquet,col.gap_bin.string_mismatches,0,0,0,pass,info
parquet/return_gap_bins_by_heavy.parquet,col.profile.string_mismatches,0,0,0,pass,info
parquet/return_gap_bins_by_heavy.parquet,col.transitions.exact_int,0.0,0.0,0.0,pass,info
parquet/return_gap_by_heavy.parquet,table.rows,2,2,0,pass,info
parquet/return_gap_by_heavy.parquet,col.mean_gap_days.max_abs_diff,1e-09,3.197442310920451e-14,3.197442310920451e-14,pass,info
parquet/return_gap_by_heavy.parquet,col.median_gap_days.max_abs_diff,1e-09,0.0,0.0,pass,info
parquet/return_gap_by_heavy.parquet,col.p75_gap_days.max_abs_diff,1e-09,0.0,0.0,pass,info
parquet/return_gap_by_heavy.parquet,col.p90_gap_days.max_abs_diff,1e-09,0.0,0.0,pass,info
parquet/return_gap_by_heavy.parquet,col.profile.string_mismatches,0,0,0,pass,info
parquet/return_gap_by_heavy.parquet,col.teachers.exact_int,0.0,0.0,0.0,pass,info
parquet/return_gap_by_heavy.parquet,col.transitions.exact_int,0.0,0.0,0.0,pass,info
parquet/return_gap_overall.parquet,table.rows,1,1,0,pass,info
parquet/return_gap_overall.parquet,col.mean_gap_days.max_abs_diff,1e-09,3.375077994860476e-14,3.375077994860476e-14,pass,info
parquet/return_gap_overall.parquet,col.median_gap_days.max_abs_diff,1e-09,0.0,0.0,pass,info
parquet/return_gap_overall.parquet,col.p25_gap_days.max_abs_diff,1e-09,0.0,0.0,pass,info
parquet/return_gap_overall.parquet,col.p75_gap_days.max_abs_diff,1e-09,0.0,0.0,pass,info
parquet/return_gap_overall.parquet,col.p90_gap_days.max_abs_diff,1e-09,0.0,0.0,pass,info
parquet/return_gap_overall.parquet,col.transitions.exact_int,0.0,0.0,0.0,pass,info
parquet/return_gap_solution.parquet,table.rows,2,2,0,pass,info
parquet/return_gap_solution.parquet,col.median_gap_days.max_abs_diff,1e-09,0.0,0.0,pass,info
parquet/return_gap_solution.parquet,col.p75_gap_days.max_abs_diff,1e-09,0.0,0.0,pass,info
parquet/return_gap_solution.parquet,col.p90_gap_days.max_abs_diff,1e-09,0.0,0.0,pass,info
parquet/return_gap_solution.parquet,col.solution.string_mismatches,0,0,0,pass,info
parquet/return_gap_solution.parquet,col.transitions.exact_int,0.0,0.0,0.0,pass,info
parquet/sessions_distribution.parquet,table.rows,1,1,0,pass,info
parquet/sessions_distribution.parquet,col.le_10s.exact_int,0.0,0.0,0.0,pass,info
parquet/sessions_distribution.parquet,col.le_1s.exact_int,0.0,0.0,0.0,pass,info
parquet/sessions_distribution.parquet,col.le_3s.exact_int,0.0,0.0,0.0,pass,info
parquet/sessions_distribution.parquet,col.le_5s.exact_int,0.0,0.0,0.0,pass,info
parquet/sessions_distribution.parquet,col.total_sessions.exact_int,0.0,0.0,0.0,pass,info
parquet/sessions_impact.parquet,table.rows,5,5,0,pass,info
parquet/sessions_impact.parquet,col.all_sessions.max_abs_diff,1e-09,0.0,0.0,pass,info
parquet/sessions_impact.parquet,col.clean_sessions.max_abs_diff,1e-09,0.0,0.0,pass,info
parquet/sessions_impact.parquet,col.delta.max_abs_diff,1e-09,0.0,0.0,pass,info
parquet/sessions_impact.parquet,col.metric.string_mismatches,0,0,0,pass,info
parquet/short_by_user_type.parquet,table.rows,3,3,0,pass,info
parquet/short_by_user_type.parquet,col.short_rate.max_abs_diff,1e-09,0.0,0.0,pass,info
parquet/short_by_user_type.parquet,col.short_sessions.exact_int,0.0,0.0,0.0,pass,info
parquet/short_by_user_type.parquet,col.total_sessions.exact_int,0.0,0.0,0.0,pass,info
parquet/short_by_user_type.parquet,col.user_type.string_mismatches,0,0,0,pass,info
parquet/solution_activity_cadence.parquet,table.rows,8,8,0,pass,info
parquet/solution_activity_cadence.parquet,col.cadencia.string_mismatches,0,0,0,pass,info
parquet/solution_activity_cadence.parquet,col.mean_events_month.max_abs_diff,1e-09,0.0,0.0,pass,info
parquet/solution_activity_cadence.parquet,col.median_events_month.exact_int,0.0,0.0,0.0,pass,info
parquet/solution_activity_cadence.parquet,col.ref_mediana.exact_int,0.0,0.0,0.0,pass,info
parquet/solution_activity_cadence.parquet,col.ref_p75.exact_int,0.0,0.0,0.0,pass,info
parquet/solution_activity_cadence.parquet,col.ref_p90.exact_int,0.0,0.0,0.0,pass,info
parquet/solution_activity_cadence.parquet,col.share_teachers.max_abs_diff,1e-09,0.0,0.0,pass,info
parquet/solution_activity_cadence.parquet,col.solution.string_mismatches,0,0,0,pass,info
parquet/solution_activity_cadence.parquet,col.teachers.exact_int,0.0,0.0,0.0,pass,info
parquet/solution_activity_cadence.parquet,col.teachers_bin.exact_int,0.0,0.0,0.0,pass,info
parquet/solution_activity_summary.parquet,table.rows,2,2,0,pass,info
parquet/solution_activity_summary.parquet,col.mean_days_since_last_event.max_abs_diff,1e-09,0.0,0.0,pass,info
parquet/solution_activity_summary.parquet,col.mean_events_per_active_month.max_abs_diff,1e-09,8.881784197001252e-16,8.881784197001252e-16,pass,info
parquet/solution_activity_summary.parquet,col.median_days_since_last_event.max_abs_diff,1e-09,0.0,0.0,pass,info
parquet/solution_activity_summary.parquet,col.median_events_per_active_month.exact_int,0.0,0.0,0.0,pass,info
parquet/solution_activity_summary.parquet,col.solution.string_mismatches,0,0,0,pass,info
parquet/solution_activity_summary.parquet,col.teachers.exact_int,0.0,0.0,0.0,pass,info
parquet/solution_teacher_usage_sample.parquet,table.rows,141646,141646,0,pass,info
parquet/solution_teacher_usage_sample.parquet,col.active_days.exact_int,0.0,0.0,0.0,pass,info
parquet/solution_teacher_usage_sample.parquet,col.active_months.exact_int,0.0,0.0,0.0,pass,info
parquet/solution_teacher_usage_sample.parquet,col.days_since_last_event.max_abs_diff,1e-09,0.0,0.0,pass,info
parquet/solution_teacher_usage_sample.parquet,col.events.exact_int,0.0,0.0,0.0,pass,info
parquet/solution_teacher_usage_sample.parquet,col.events_per_30d_since_first.max_abs_diff,1e-09,0.0,0.0,pass,info
parquet/solution_teacher_usage_sample.parquet,col.events_per_active_month.max_abs_diff,1e-09,0.0,0.0,pass,info
parquet/solution_teacher_usage_sample.parquet,col.first_ts.string_mismatches,0,0,0,pass,info
parquet/solution_teacher_usage_sample.parquet,col.last_ts.string_mismatches,0,0,0,pass,info
parquet/solution_teacher_usage_sample.parquet,col.solution.string_mismatches,0,0,0,pass,info
parquet/solution_teacher_usage_sample.parquet,col.unique_id.string_mismatches,0,0,0,pass,info
parquet/solution_time_profile.parquet,table.rows,335,335,0,pass,info
parquet/solution_time_profile.parquet,col.day_of_week.exact_int,0.0,0.0,0.0,pass,info
parquet/solution_time_profile.parquet,col.events.exact_int,0.0,0.0,0.0,pass,info
parquet/solution_time_profile.parquet,col.hour_of_day.exact_int,0.0,0.0,0.0,pass,info
parquet/solution_time_profile.parquet,col.solution.string_mismatches,0,0,0,pass,info
parquet/source_counts.parquet,table.rows,5,5,0,pass,info
parquet/source_counts.parquet,col.linhas.exact_int,0.0,0.0,0.0,pass,info
parquet/source_counts.parquet,col.tabela.string_mismatches,0,0,0,pass,info
parquet/state_best.parquet,table.rows,8,8,0,pass,info
parquet/state_best.parquet,col.churn_rate.max_abs_diff,1e-09,0.0,0.0,pass,info
parquet/state_best.parquet,col.conversion_rate.max_abs_diff,1e-09,0.0,0.0,pass,info
parquet/state_best.parquet,col.estado_group.string_mismatches,0,0,0,pass,info
parquet/state_best.parquet,col.heavy_share.max_abs_diff,1e-09,0.0,0.0,pass,info
parquet/state_best.parquet,col.median_interactions.exact_int,0.0,0.0,0.0,pass,info
parquet/state_best.parquet,col.median_ttfv.max_abs_diff,1e-09,0.0,0.0,pass,info
parquet/state_best.parquet,col.teachers.exact_int,0.0,0.0,0.0,pass,info
parquet/state_normal.parquet,table.rows,2,2,0,pass,info
parquet/state_normal.parquet,col.median.max_abs_diff,1e-09,0.0,0.0,pass,info
parquet/state_normal.parquet,col.metric.string_mismatches,0,0,0,pass,info
parquet/state_normal.parquet,col.q1.max_abs_diff,1e-09,0.0,0.0,pass,info
parquet/state_normal.parquet,col.q3.max_abs_diff,1e-09,0.0,0.0,pass,info
parquet/state_stats.parquet,table.rows,29,29,0,pass,info
parquet/state_stats.parquet,col.churn_rate.max_abs_diff,1e-09,0.0,0.0,pass,info
parquet/state_stats.parquet,col.conversion_rate.max_abs_diff,1e-09,0.0,0.0,pass,info
parquet/state_stats.parquet,col.estado_group.string_mismatches,0,0,0,pass,info
parquet/state_stats.parquet,col.heavy_share.max_abs_diff,1e-09,0.0,0.0,pass,info
parquet/state_stats.parquet,col.median_interactions.exact_int,0.0,0.0,0.0,pass,info
parquet/state_stats.parquet,col.median_ttfv.max_abs_diff,1e-09,0.0,0.0,pass,info
parquet/state_stats.parquet,col.teachers.exact_int,0.0,0.0,0.0,pass,info
parquet/state_worst.parquet,table.rows,8,8,0,pass,info
parquet/state_worst.parquet,col.churn_rate.max_abs_diff,1e-09,0.0,0.0,pass,info
parquet/state_worst.parquet,col.conversion_rate.max_abs_diff,1e-09,0.0,0.0,pass,info
parquet/state_worst.parquet,col.estado_group.string_mismatches,0,0,0,pass,info
parquet/state_worst.parquet,col.heavy_share.max_abs_diff,1e-09,0.0,0.0,pass,info
parquet/state_worst.parquet,col.median_interactions.exact_int,0.0,0.0,0.0,pass,info
parquet/state_worst.parquet,col.median_ttfv.max_abs_diff,1e-09,0.0,0.0,pass,info
parquet/state_worst.parquet,col.teachers.exact_int,0.0,0.0,0.0,pass,info
parquet/top_corr_pairs.parquet,table.rows,20,20,0,pass,info
parquet/top_corr_pairs.parquet,col.abs_spearman.max_abs_diff,1e-09,0.0,0.0,pass,info
parquet/top_corr_pairs.parquet,col.spearman.max_abs_diff,1e-09,0.0,0.0,pass,info
parquet/top_corr_pairs.parquet,col.var1.string_mismatches,0,0,0,pass,info
parquet/top_corr_pairs.parquet,col.var2.string_mismatches,0,0,0,pass,info
parquet/users_monthly_cutoff.parquet,table.rows,1,1,0,pass,info
parquet/users_monthly_cutoff.parquet,col.max_dim_data_entrada.string_mismatches,0,0,0,pass,info
parquet/users_monthly_cutoff.parquet,col.max_entries_registered_ts.string_mismatches,0,0,0,pass,info
parquet/users_monthly_cutoff.parquet,col.max_interactions_registered_ts.string_mismatches,0,0,0,pass,info
parquet/users_monthly_cutoff.parquet,col.min_dim_data_entrada.string_mismatches,0,0,0,pass,info
parquet/users_monthly_cutoff.parquet,col.min_entries_registered_ts.string_mismatches,0,0,0,pass,info
parquet/users_monthly_cutoff.parquet,col.min_interactions_registered_ts.string_mismatches,0,0,0,pass,info
parquet/users_monthly_panel.parquet,table.rows,53,53,0,pass,info
parquet/users_monthly_panel.parquet,col.mau_entries_mom_pct.max_abs_diff,1e-09,0.0,0.0,pass,info
parquet/users_monthly_panel.parquet,col.mau_interactions_mom_pct.max_abs_diff,1e-09,0.0,0.0,pass,info
parquet/users_monthly_panel.parquet,col.mau_registered_entries.exact_int,0.0,0.0,0.0,pass,info
parquet/users_monthly_panel.parquet,col.mau_registered_interactions.exact_int,0.0,0.0,0.0,pass,info
parquet/users_monthly_panel.parquet,col.month.string_mismatches,0,0,0,pass,info
parquet/users_monthly_panel.parquet,col.new_users.exact_int,0.0,0.0,0.0,pass,info
parquet/utm_dictionary.parquet,table.rows,10,10,0,pass,info
parquet/utm_dictionary.parquet,col.action.string_mismatches,0,0,0,pass,info
parquet/utm_dictionary.parquet,col.meaning.string_mismatches,0,0,0,pass,info
parquet/utm_dictionary.parquet,col.use_case.string_mismatches,0,0,0,pass,info
parquet/utm_dictionary.parquet,col.utm_group.string_mismatches,0,0,0,pass,info
parquet/utm_stats.parquet,table.rows,10,10,0,pass,info
parquet/utm_stats.parquet,col.churn_rate.max_abs_diff,1e-09,0.0,0.0,pass,info
parquet/utm_stats.parquet,col.conversion_rate.max_abs_diff,1e-09,0.0,0.0,pass,info
parquet/utm_stats.parquet,col.median_interactions.exact_int,0.0,0.0,0.0,pass,info
parquet/utm_stats.parquet,col.teachers.exact_int,0.0,0.0,0.0,pass,info
parquet/utm_stats.parquet,col.utm_group.string_mismatches,0,0,0,pass,info
reports/analise_inicial_dos_dados_interativa.html,file.sha256_raw,d8a73ba834c224311498be77616940b7d5171e7b8744fe11f933b52930cffdc8,7adc58147e05e5de36d1ba6d14725f0414fd32a67f14b0797336b5ac19efad16,different_nonsemantic_allowed,pass,info
reports/analise_inicial_dos_dados_interativa.html,html.non_survival_text_hash,7652150923097185561,5519950413432667911,different,fail,major
reports/analise_inicial_dos_dados_summary.json,summary.causal_claim_allowed,False,False,0.0,pass,info
reports/analise_inicial_dos_dados_summary.json,summary.latest_new_users_count,80,80,0.0,pass,info
reports/analise_inicial_dos_dados_summary.json,summary.latest_new_users_month,2025-10-01,2025-10-01,,pass,info
reports/analise_inicial_dos_dados_summary.json,summary.prova_stopped_rate_90d,,,,pass,info
reports/analise_inicial_dos_dados_summary.json,summary.recent_6m_mau_interactions_slope_users_per_month,-457.9142857142854,-457.9142857142854,0.0,pass,info
reports/analise_inicial_dos_dados_summary.json,summary.return_gap_base_median_days,0.18820373264037898,0.18820373264037898,0.0,pass,info
reports/analise_inicial_dos_dados_summary.json,summary.return_gap_heavy_median_days,0.4315382175947781,0.4315382175947781,0.0,pass,info
reports/analise_inicial_dos_dados_summary.json,summary.return_gap_median_days,0.33557450231578617,0.33557450231578617,0.0,pass,info
reports/analise_inicial_dos_dados_summary.json,summary.short_sessions_le_5s,243319,243319,0.0,pass,info
reports/analise_inicial_dos_dados_summary.json,summary.short_sessions_rate_le_5s,0.2632724164421506,0.2632724164421506,0.0,pass,info
reports/analise_inicial_dos_dados_summary.json,summary.state_missing_pct,0.46427215189873416,0.46427215189873416,0.0,pass,info
reports/analise_inicial_dos_dados_summary.json,summary.utm_missing_pct,0.20720886075949366,0.20720886075949366,0.0,pass,info
